term,head,hard_hit,confidence_top1,kl_divergence
all,https://w3id.org/caapt/annotations/va-anno#104052095_text,1,0.8778560757637024,0.1302726566791534
all,https://w3id.org/caapt/annotations/va-anno#104051083_text,1,0.8753910660743713,0.1330845803022384
all,https://w3id.org/caapt/annotations/va-anno#104054069_text,1,0.8444189429283142,0.1691065430641174
all,https://w3id.org/caapt/annotations/va-anno#104055366_text,1,0.8807970285415649,0.1269280463457107
all,https://w3id.org/caapt/annotations/va-anno#104051607_text,1,0.8570964336395264,0.1542049050331115
all,https://w3id.org/caapt/annotations/va-anno#104056393_text,1,0.8692851066589355,0.1400841474533081
all,https://w3id.org/caapt/annotations/va-anno#104051705_text,1,0.8786703944206238,0.1293454617261886
all,https://w3id.org/caapt/annotations/va-anno#104052923_text,1,0.8625353574752808,0.1478791683912277
all,https://w3id.org/caapt/annotations/va-anno#104052006_text,0,0.8767198920249939,2.093295812606812
all,https://w3id.org/caapt/annotations/va-anno#104054477_text,1,0.8704816699028015,0.1387085914611816
all,https://w3id.org/caapt/annotations/va-anno#104054837_text,1,0.8780592083930969,0.1300412565469741
all,https://w3id.org/caapt/annotations/va-anno#104053924_text,1,0.8789627552032471,0.1290127336978912
all,https://w3id.org/caapt/annotations/va-anno#104056823_text,1,0.8561599254608154,0.1552980691194534
all,https://w3id.org/caapt/annotations/va-anno#104051953_text,1,0.8379729390144348,0.1767694354057312
all,https://w3id.org/caapt/annotations/va-anno#104051913_text,1,0.8660157918930054,0.1438521742820739
all,https://w3id.org/caapt/annotations/va-anno#104054219_text,1,0.867723822593689,0.1418818086385727
all,https://w3id.org/caapt/annotations/va-anno#104051636_text,1,0.8807970285415649,0.1269280463457107
all,https://w3id.org/caapt/annotations/va-anno#104051198_text,0,0.865492045879364,2.006131649017334
all,https://w3id.org/caapt/annotations/va-anno#104053608_text,1,0.8770356178283691,0.131207674741745
all,https://w3id.org/caapt/annotations/va-anno#104051702_text,1,0.8763502240180969,0.1319895088672638
all,https://w3id.org/caapt/annotations/va-anno#104056267_text,1,0.8807970285415649,0.1269280463457107
all,https://w3id.org/caapt/annotations/va-anno#104055830_text,1,0.8632121682167053,0.1470947414636612
all,https://w3id.org/caapt/annotations/va-anno#104053111_text,1,0.8266321420669556,0.1903954446315765
all,https://w3id.org/caapt/annotations/va-anno#104055495_text,1,0.8775923848152161,0.1305730640888214
all,https://w3id.org/caapt/annotations/va-anno#104055769_text,1,0.8784052133560181,0.1296472996473312
all,https://w3id.org/caapt/annotations/va-anno#104051190_text,0,0.8750846982002258,2.080118894577026
all,https://w3id.org/caapt/annotations/va-anno#104054177_text,1,0.8570473790168762,0.1542620211839676
all,https://w3id.org/caapt/annotations/va-anno#104051948_text,1,0.874305248260498,0.1343257427215576
all,https://w3id.org/caapt/annotations/va-anno#104051307_text,1,0.8776637315750122,0.1304917633533477
all,https://w3id.org/caapt/annotations/va-anno#104050281_text,1,0.8660109639167786,0.1438577473163604
all,https://w3id.org/caapt/annotations/va-anno#104054777_text,1,0.864147961139679,0.1460113078355789
all,https://w3id.org/caapt/annotations/va-anno#104050308_text,1,0.8770644068717957,0.1311748474836349
all,https://w3id.org/caapt/annotations/va-anno#104052106_text,1,0.8718421459197998,0.1371468901634216
all,https://w3id.org/caapt/annotations/va-anno#104052434_text,1,0.8401367664337158,0.1741905510425567
all,https://w3id.org/caapt/annotations/va-anno#104053599_text,1,0.8748168349266052,0.1337407678365707
all,https://w3id.org/caapt/annotations/va-anno#104053926_text,1,0.87540602684021,0.1330674737691879
all,https://w3id.org/caapt/annotations/va-anno#104052120_text,1,0.8770042657852173,0.1312434375286102
all,https://w3id.org/caapt/annotations/va-anno#104051109_text,0,0.8723886013031006,2.05876612663269
all,https://w3id.org/caapt/annotations/va-anno#104052189_text,1,0.8718013167381287,0.1371937543153762
all,https://w3id.org/caapt/annotations/va-anno#104053988_text,1,0.8691660761833191,0.1402210295200348
all,https://w3id.org/caapt/annotations/va-anno#104054254_text,1,0.868664562702179,0.1407981961965561
all,https://w3id.org/caapt/annotations/va-anno#104053403_text,1,0.8747110366821289,0.1338617205619812
all,https://w3id.org/caapt/annotations/va-anno#104052735_text,1,0.8723005056381226,0.1366212666034698
all,https://w3id.org/caapt/annotations/va-anno#104050677_text,1,0.8747901916503906,0.1337712109088897
all,https://w3id.org/caapt/annotations/va-anno#104054968_text,1,0.8719781041145325,0.1369909793138504
all,https://w3id.org/caapt/annotations/va-anno#104056979_text,1,0.876532256603241,0.1317818015813827
all,https://w3id.org/caapt/annotations/va-anno#104053305_text,1,0.8752565383911133,0.133238285779953
all,https://w3id.org/caapt/annotations/va-anno#104050389_text,1,0.8756391406059265,0.1328012198209762
all,https://w3id.org/caapt/annotations/va-anno#104050702_text,1,0.8739264011383057,0.1347591280937194
all,https://w3id.org/caapt/annotations/va-anno#104055465_text,1,0.8593857884407043,0.1515373736619949
all,https://w3id.org/caapt/annotations/va-anno#104051541_text,1,0.8713741898536682,0.1376838684082031
all,https://w3id.org/caapt/annotations/va-anno#104050255_text,1,0.8792703151702881,0.1286629140377044
all,https://w3id.org/caapt/annotations/va-anno#104050376_text,1,0.8709805607795715,0.138135626912117
all,https://w3id.org/caapt/annotations/va-anno#104051715_text,1,0.8509242534637451,0.161432147026062
all,https://w3id.org/caapt/annotations/va-anno#104056072_text,0,0.8696935176849365,2.037866115570068
all,https://w3id.org/caapt/annotations/va-anno#104052712_text,1,0.8780496120452881,0.1300521343946457
all,https://w3id.org/caapt/annotations/va-anno#104056840_text,1,0.8682426810264587,0.1412840485572815
all,https://w3id.org/caapt/annotations/va-anno#104051788_text,1,0.8610979914665222,0.1495469957590103
all,https://w3id.org/caapt/annotations/va-anno#104052299_text,1,0.8693182468414307,0.140046015381813
all,https://w3id.org/caapt/annotations/va-anno#104053940_text,1,0.8787755966186523,0.1292257308959961
all,https://w3id.org/caapt/annotations/va-anno#104052271_text,0,0.8700190782546997,2.040367126464844
all,https://w3id.org/caapt/annotations/va-anno#104053686_text,1,0.8701292872428894,0.1391135305166244
all,https://w3id.org/caapt/annotations/va-anno#104051435_text,1,0.8656492233276367,0.1442755609750747
all,https://w3id.org/caapt/annotations/va-anno#104052614_text,1,0.8690609335899353,0.14034204185009
all,https://w3id.org/caapt/annotations/va-anno#104056625_text,1,0.8672952651977539,0.1423758268356323
all,https://w3id.org/caapt/annotations/va-anno#104050608_text,0,0.8768631815910339,2.094459533691406
all,https://w3id.org/caapt/annotations/va-anno#104051223_text,0,0.8555351495742798,1.93471908569336
all,https://w3id.org/caapt/annotations/va-anno#104052676_text,1,0.8600265383720398,0.1507920026779174
all,https://w3id.org/caapt/annotations/va-anno#104054558_text,1,0.8699370622634888,0.1393344402313232
all,https://w3id.org/caapt/annotations/va-anno#104053460_text,1,0.8777023553848267,0.1304477155208587
all,https://w3id.org/caapt/annotations/va-anno#104053834_text,1,0.8721342086791992,0.1368119716644287
all,https://w3id.org/caapt/annotations/va-anno#104051522_text,1,0.8676232695579529,0.1419976502656936
all,https://w3id.org/caapt/annotations/va-anno#104052245_text,1,0.8796380162239075,0.1282448172569275
all,https://w3id.org/caapt/annotations/va-anno#104054041_text,1,0.8769199252128601,0.1313396096229553
all,https://w3id.org/caapt/annotations/va-anno#104053330_text,1,0.8703944683074951,0.1388087272644043
all,https://w3id.org/caapt/annotations/va-anno#104052569_text,1,0.8634738326072693,0.1467916518449783
all,https://w3id.org/caapt/annotations/va-anno#104053730_text,1,0.8775344491004944,0.1306390762329101
all,https://w3id.org/caapt/annotations/va-anno#104055064_text,1,0.8726858496665955,0.1361796557903289
all,https://w3id.org/caapt/annotations/va-anno#104052112_text,1,0.8738626837730408,0.1348320394754409
all,https://w3id.org/caapt/annotations/va-anno#104056588_text,1,0.8730592131614685,0.1357519924640655
all,https://w3id.org/caapt/annotations/va-anno#104054090_text,1,0.8400188088417053,0.1743309497833252
all,https://w3id.org/caapt/annotations/va-anno#104052392_text,1,0.8807970285415649,0.1269280463457107
all,https://w3id.org/caapt/annotations/va-anno#104056742_text,1,0.8559402227401733,0.1555547267198562
all,https://w3id.org/caapt/annotations/va-anno#104052480_text,1,0.8773385882377625,0.1308622807264328
all,https://w3id.org/caapt/annotations/va-anno#104053907_text,1,0.8775339722633362,0.1306395977735519
all,https://w3id.org/caapt/annotations/va-anno#104051131_text,1,0.8687456846237183,0.1407048851251602
all,https://w3id.org/caapt/annotations/va-anno#104052647_text,1,0.877876877784729,0.1302489042282104
all,https://w3id.org/caapt/annotations/va-anno#104050244_text,1,0.8791840672492981,0.1287610232830047
all,https://w3id.org/caapt/annotations/va-anno#104051525_text,0,0.8664616942405701,2.013366937637329
all,https://w3id.org/caapt/annotations/va-anno#104052544_text,0,0.8665980100631714,2.014388084411621
all,https://w3id.org/caapt/annotations/va-anno#104050263_text,1,0.8720827102661133,0.1368710100650787
all,https://w3id.org/caapt/annotations/va-anno#104051400_text,0,0.8676541447639465,2.022336006164551
all,https://w3id.org/caapt/annotations/va-anno#104051651_text,1,0.8563472032546997,0.1550793349742889
all,https://w3id.org/caapt/annotations/va-anno#104052107_text,1,0.8701296448707581,0.139113113284111
all,https://w3id.org/caapt/annotations/va-anno#104055755_text,1,0.8765271306037903,0.1317876577377319
all,https://w3id.org/caapt/annotations/va-anno#104055717_text,1,0.8772861361503601,0.1309221088886261
all,https://w3id.org/caapt/annotations/va-anno#104055858_text,1,0.8766024112701416,0.1317017674446106
all,https://w3id.org/caapt/annotations/va-anno#104055195_text,1,0.8729774355888367,0.1358455419540405
all,https://w3id.org/caapt/annotations/va-anno#104056257_text,1,0.8779778480529785,0.1301338821649551
all,https://w3id.org/caapt/annotations/va-anno#104055859_text,0,0.8528252243995667,1.916134119033813
all,https://w3id.org/caapt/annotations/va-anno#104054542_text,1,0.8711837530136108,0.1379023939371109
all,https://w3id.org/caapt/annotations/va-anno#104051249_text,0,0.8433471918106079,1.853723287582397
all,https://w3id.org/caapt/annotations/va-anno#104052036_text,1,0.8764832019805908,0.1318378150463104
all,https://w3id.org/caapt/annotations/va-anno#104054051_text,1,0.8678373694419861,0.1417509466409683
all,https://w3id.org/caapt/annotations/va-anno#104051701_text,1,0.8769800662994385,0.1312710344791412
all,https://w3id.org/caapt/annotations/va-anno#104050349_text,0,0.8800843954086304,2.120966672897339
all,https://w3id.org/caapt/annotations/va-anno#104055561_text,1,0.8807970285415649,0.1269280463457107
all,https://w3id.org/caapt/annotations/va-anno#104056125_text,1,0.8542256951332092,0.1575597673654556
all,https://w3id.org/caapt/annotations/va-anno#104055326_text,1,0.8477155566215515,0.1652101576328277
all,https://w3id.org/caapt/annotations/va-anno#104054487_text,1,0.8685468435287476,0.1409337371587753
all,https://w3id.org/caapt/annotations/va-anno#104051291_text,1,0.8755356073379517,0.1329194903373718
all,https://w3id.org/caapt/annotations/va-anno#104055493_text,1,0.8657645583152771,0.1441423296928405
all,https://w3id.org/caapt/annotations/va-anno#104053226_text,1,0.8798508048057556,0.1280029714107513
all,https://w3id.org/caapt/annotations/va-anno#104050268_text,1,0.8718761801719666,0.1371079087257385
all,https://w3id.org/caapt/annotations/va-anno#104056363_text,1,0.8722383975982666,0.1366924941539764
all,https://w3id.org/caapt/annotations/va-anno#104054691_text,1,0.8781729936599731,0.1299116611480713
all,https://w3id.org/caapt/annotations/va-anno#104054771_text,1,0.8677528500556946,0.1418484002351761
all,https://w3id.org/caapt/annotations/va-anno#104055094_text,1,0.877335250377655,0.1308660507202148
all,https://w3id.org/caapt/annotations/va-anno#104052378_text,1,0.8720447421073914,0.1369145810604095
all,https://w3id.org/caapt/annotations/va-anno#104056175_text,1,0.8662003874778748,0.1436390578746795
all,https://w3id.org/caapt/annotations/va-anno#104050625_text,1,0.8746141195297241,0.1339725703001022
all,https://w3id.org/caapt/annotations/va-anno#104053894_text,1,0.8783081769943237,0.1297577619552612
all,https://w3id.org/caapt/annotations/va-anno#104052645_text,1,0.876347541809082,0.1319925487041473
all,https://w3id.org/caapt/annotations/va-anno#104055827_text,1,0.8624032735824585,0.1480322629213333
all,https://w3id.org/caapt/annotations/va-anno#104052886_text,1,0.8785310983657837,0.1295040398836136
all,https://w3id.org/caapt/annotations/va-anno#104055464_text,1,0.8491612672805786,0.1635061353445053
all,https://w3id.org/caapt/annotations/va-anno#104053567_text,1,0.8635179996490479,0.1467404961585998
all,https://w3id.org/caapt/annotations/va-anno#104052473_text,1,0.8803476095199585,0.1274384260177612
all,https://w3id.org/caapt/annotations/va-anno#104055592_text,1,0.8730084300041199,0.1358101665973663
all,https://w3id.org/caapt/annotations/va-anno#104056201_text,1,0.8789535760879517,0.1290232092142105
all,https://w3id.org/caapt/annotations/va-anno#104052331_text,0,0.8770111203193665,2.095660924911499
all,https://w3id.org/caapt/annotations/va-anno#104052255_text,1,0.8798766732215881,0.1279735118150711
all,https://w3id.org/caapt/annotations/va-anno#104053159_text,1,0.8772720694541931,0.1309381127357483
all,https://w3id.org/caapt/annotations/va-anno#104050238_text,1,0.8753438591957092,0.1331385374069214
all,https://w3id.org/caapt/annotations/va-anno#104055856_text,1,0.8514750599861145,0.1607850641012191
all,https://w3id.org/caapt/annotations/va-anno#104051330_text,1,0.8672674894332886,0.1424078643321991
all,https://w3id.org/caapt/annotations/va-anno#104054216_text,1,0.8621646165847778,0.1483090817928314
all,https://w3id.org/caapt/annotations/va-anno#104056620_text,1,0.8637341856956482,0.146490216255188
all,https://w3id.org/caapt/annotations/va-anno#104053946_text,1,0.8740816116333008,0.1345815807580948
all,https://w3id.org/caapt/annotations/va-anno#104052659_text,1,0.8433825373649597,0.1703346818685531
all,https://w3id.org/caapt/annotations/va-anno#104051211_text,0,0.863776445388794,1.993458271026612
all,https://w3id.org/caapt/annotations/va-anno#104055428_text,1,0.8682683706283569,0.1412544548511505
all,https://w3id.org/caapt/annotations/va-anno#104055726_text,1,0.8711163401603699,0.1379797607660293
all,https://w3id.org/caapt/annotations/va-anno#104051213_text,0,0.8614509105682373,1.976530194282532
all,https://w3id.org/caapt/annotations/va-anno#104053053_text,1,0.8690876960754395,0.1403112709522247
all,https://w3id.org/caapt/annotations/va-anno#104052512_text,1,0.8601827621459961,0.1506104171276092
all,https://w3id.org/caapt/annotations/va-anno#104054183_text,1,0.8630480766296387,0.1472848951816558
all,https://w3id.org/caapt/annotations/va-anno#104053707_text,1,0.8793997168540955,0.1285157352685928
all,https://w3id.org/caapt/annotations/va-anno#104054760_text,1,0.8703979253768921,0.1388047784566879
all,https://w3id.org/caapt/annotations/va-anno#104055344_text,1,0.8578816652297974,0.15328910946846
all,https://w3id.org/caapt/annotations/va-anno#104051696_text,1,0.8597145080566406,0.1511549651622772
all,https://w3id.org/caapt/annotations/va-anno#104051679_text,1,0.8654197454452515,0.1445407271385193
all,https://w3id.org/caapt/annotations/va-anno#104051531_text,1,0.8743149638175964,0.1343145966529846
all,https://w3id.org/caapt/annotations/va-anno#104056415_text,1,0.8764125108718872,0.1319184750318527
all,https://w3id.org/caapt/annotations/va-anno#104056136_text,1,0.8647748827934265,0.1452861279249191
all,https://w3id.org/caapt/annotations/va-anno#104050491_text,0,0.8705630898475647,2.044561624526977
all,https://w3id.org/caapt/annotations/va-anno#104056595_text,1,0.8405412435531616,0.1737093031406402
all,https://w3id.org/caapt/annotations/va-anno#104051920_text,1,0.8746963143348694,0.133878618478775
all,https://w3id.org/caapt/annotations/va-anno#104052566_text,1,0.8582803606987,0.1528245061635971
all,https://w3id.org/caapt/annotations/va-anno#104052141_text,1,0.8698248267173767,0.1394634395837783
all,https://w3id.org/caapt/annotations/va-anno#104051659_text,1,0.8743939995765686,0.1342242211103439
all,https://w3id.org/caapt/annotations/va-anno#104052967_text,1,0.8720217943191528,0.1369408816099167
all,https://w3id.org/caapt/annotations/va-anno#104050543_text,1,0.8710721731185913,0.1380304396152496
all,https://w3id.org/caapt/annotations/va-anno#104056710_text,1,0.8692836761474609,0.1400858014822006
all,https://w3id.org/caapt/annotations/va-anno#104053064_text,0,0.8696684837341309,2.037674188613892
all,https://w3id.org/caapt/annotations/va-anno#104056373_text,1,0.8510525822639465,0.1612813919782638
all,https://w3id.org/caapt/annotations/va-anno#104051745_text,1,0.8796768188476562,0.1282006651163101
all,https://w3id.org/caapt/annotations/va-anno#104050679_text,1,0.8781214952468872,0.1299702823162078
all,https://w3id.org/caapt/annotations/va-anno#104053253_text,0,0.8751422762870789,2.080580711364746
all,https://w3id.org/caapt/annotations/va-anno#104054398_text,1,0.8744654059410095,0.1341426074504852
all,https://w3id.org/caapt/annotations/va-anno#104055491_text,1,0.8554959297180176,0.1560739576816558
all,https://w3id.org/caapt/annotations/va-anno#104052442_text,1,0.8606405258178711,0.1500783860683441
all,https://w3id.org/caapt/annotations/va-anno#104052186_text,0,0.8751006722450256,2.080246925354004
all,https://w3id.org/caapt/annotations/va-anno#104056810_text,1,0.8747165203094482,0.1338554769754409
all,https://w3id.org/caapt/annotations/va-anno#104055414_text,1,0.8701549768447876,0.1390839666128158
all,https://w3id.org/caapt/annotations/va-anno#104054108_text,1,0.876187801361084,0.1321748197078704
all,https://w3id.org/caapt/annotations/va-anno#104051329_text,1,0.8759889006614685,0.1324018687009811
all,https://w3id.org/caapt/annotations/va-anno#104053311_text,1,0.872778594493866,0.136073425412178
all,https://w3id.org/caapt/annotations/va-anno#104054176_text,1,0.8711526989936829,0.1379380226135254
all,https://w3id.org/caapt/annotations/va-anno#104056609_text,1,0.8765019178390503,0.1318163871765136
all,https://w3id.org/caapt/annotations/va-anno#104051210_text,0,0.8682592511177063,2.026919841766357
all,https://w3id.org/caapt/annotations/va-anno#104054781_text,1,0.8780936598777771,0.1300020068883896
all,https://w3id.org/caapt/annotations/va-anno#104051313_text,1,0.8776996731758118,0.1304507553577423
all,https://w3id.org/caapt/annotations/va-anno#104050423_text,0,0.878029465675354,2.103975534439087
all,https://w3id.org/caapt/annotations/va-anno#104051658_text,1,0.8777748346328735,0.1303651630878448
all,https://w3id.org/caapt/annotations/va-anno#104052070_text,1,0.8786080479621887,0.1294163763523101
all,https://w3id.org/caapt/annotations/va-anno#104055472_text,1,0.8697824478149414,0.1395121663808822
all,https://w3id.org/caapt/annotations/va-anno#104054023_text,1,0.8669919371604919,0.1427256315946579
all,https://w3id.org/caapt/annotations/va-anno#104056269_text,1,0.8564102053642273,0.1550058275461197
all,https://w3id.org/caapt/annotations/va-anno#104055664_text,1,0.8627868294715881,0.1475876271724701
all,https://w3id.org/caapt/annotations/va-anno#104055602_text,0,0.8779053688049316,2.102958679199219
all,https://w3id.org/caapt/annotations/va-anno#104054286_text,1,0.8745434880256653,0.1340532600879669
all,https://w3id.org/caapt/annotations/va-anno#104056606_text,1,0.8807970285415649,0.1269280463457107
all,https://w3id.org/caapt/annotations/va-anno#104056444_text,1,0.8735590577125549,0.1351796090602874
all,https://w3id.org/caapt/annotations/va-anno#104055742_text,1,0.838292121887207,0.1763886660337448
all,https://w3id.org/caapt/annotations/va-anno#104056974_text,1,0.8655542731285095,0.1443852484226226
all,https://w3id.org/caapt/annotations/va-anno#104052730_text,1,0.8749669194221497,0.1335691958665847
all,https://w3id.org/caapt/annotations/va-anno#104051311_text,1,0.8776372671127319,0.1305219084024429
all,https://w3id.org/caapt/annotations/va-anno#104054474_text,1,0.8766528964042664,0.1316441893577575
all,https://w3id.org/caapt/annotations/va-anno#104056420_text,1,0.8574705719947815,0.1537684202194214
all,https://w3id.org/caapt/annotations/va-anno#104051471_text,1,0.879618763923645,0.1282667368650436
all,https://w3id.org/caapt/annotations/va-anno#104055250_text,1,0.8771576285362244,0.131068617105484
all,https://w3id.org/caapt/annotations/va-anno#104054704_text,1,0.8514871597290039,0.1607708632946014
all,https://w3id.org/caapt/annotations/va-anno#104055375_text,1,0.8777509927749634,0.1303923726081848
all,https://w3id.org/caapt/annotations/va-anno#104052461_text,1,0.8653085827827454,0.1446690559387207
all,https://w3id.org/caapt/annotations/va-anno#104055405_text,1,0.8743507266044617,0.1342737376689911
all,https://w3id.org/caapt/annotations/va-anno#104055662_text,1,0.8731378316879272,0.1356618553400039
all,https://w3id.org/caapt/annotations/va-anno#104054409_text,1,0.853213369846344,0.158745601773262
all,https://w3id.org/caapt/annotations/va-anno#104053011_text,1,0.8446290493011475,0.1688577681779861
all,https://w3id.org/caapt/annotations/va-anno#104051577_text,1,0.8752256631851196,0.1332735568284988
all,https://w3id.org/caapt/annotations/va-anno#104056963_text,1,0.8636343479156494,0.146605834364891
all,https://w3id.org/caapt/annotations/va-anno#104055633_text,1,0.851437509059906,0.1608291119337082
all,https://w3id.org/caapt/annotations/va-anno#104056123_text,1,0.8769477605819702,0.1313079297542572
all,https://w3id.org/caapt/annotations/va-anno#104055728_text,1,0.8756434917449951,0.1327963173389434
all,https://w3id.org/caapt/annotations/va-anno#104052911_text,0,0.873149037361145,2.064742088317871
all,https://w3id.org/caapt/annotations/va-anno#104050707_text,0,0.8620078563690186,1.9805588722229
all,https://w3id.org/caapt/annotations/va-anno#104052244_text,0,0.8804677724838257,2.124170064926147
all,https://w3id.org/caapt/annotations/va-anno#104051959_text,1,0.8681351542472839,0.1414078325033188
all,https://w3id.org/caapt/annotations/va-anno#104051305_text,0,0.86219322681427,1.981902718544006
all,https://w3id.org/caapt/annotations/va-anno#104056230_text,1,0.8604757785797119,0.1502698063850402
all,https://w3id.org/caapt/annotations/va-anno#104055730_text,1,0.8663560152053833,0.1434593796730041
all,https://w3id.org/caapt/annotations/va-anno#104054841_text,1,0.858882486820221,0.1521231979131698
all,https://w3id.org/caapt/annotations/va-anno#104056333_text,1,0.8779651522636414,0.1301483213901519
all,https://w3id.org/caapt/annotations/va-anno#104053270_text,1,0.8709476590156555,0.1381734162569046
all,https://w3id.org/caapt/annotations/va-anno#104051999_text,1,0.852486252784729,0.1595981866121292
all,https://w3id.org/caapt/annotations/va-anno#104052294_text,0,0.8684239387512207,2.028170108795166
all,https://w3id.org/caapt/annotations/va-anno#104051714_text,1,0.8569455146789551,0.1543809324502945
all,https://w3id.org/caapt/annotations/va-anno#104052254_text,0,0.8770164251327515,2.095704317092896
all,https://w3id.org/caapt/annotations/va-anno#104052265_text,1,0.8697866201400757,0.1395073980093002
all,https://w3id.org/caapt/annotations/va-anno#104056468_text,1,0.8778313994407654,0.1303007006645202
all,https://w3id.org/caapt/annotations/va-anno#104054975_text,1,0.8774695992469788,0.1307129263877868
all,https://w3id.org/caapt/annotations/va-anno#104056725_text,1,0.8672172427177429,0.1424657702445984
all,https://w3id.org/caapt/annotations/va-anno#104052579_text,1,0.8677889704704285,0.1418067067861557
all,https://w3id.org/caapt/annotations/va-anno#104050528_text,1,0.871885359287262,0.1370973140001297
all,https://w3id.org/caapt/annotations/va-anno#104053357_text,1,0.8685742020606995,0.1409022659063339
all,https://w3id.org/caapt/annotations/va-anno#104053703_text,1,0.8585049510002136,0.1525628417730331
all,https://w3id.org/caapt/annotations/va-anno#104051517_text,1,0.8651192784309387,0.1448879241943359
all,https://w3id.org/caapt/annotations/va-anno#104055348_text,1,0.8726889491081238,0.1361761093139648
all,https://w3id.org/caapt/annotations/va-anno#104055748_text,1,0.8515042662620544,0.1607507616281509
all,https://w3id.org/caapt/annotations/va-anno#104051861_text,0,0.8726193308830261,2.060574769973755
all,https://w3id.org/caapt/annotations/va-anno#104056767_text,1,0.8690531849861145,0.1403509527444839
all,https://w3id.org/caapt/annotations/va-anno#104051582_text,1,0.8668503761291504,0.14288891851902
all,https://w3id.org/caapt/annotations/va-anno#104053343_text,1,0.8785250186920166,0.1295109391212463
all,https://w3id.org/caapt/annotations/va-anno#104051354_text,1,0.8744962811470032,0.1341072618961334
all,https://w3id.org/caapt/annotations/va-anno#104055722_text,1,0.8788895010948181,0.1290961354970932
all,https://w3id.org/caapt/annotations/va-anno#104056594_text,1,0.8628221750259399,0.1475466936826706
all,https://w3id.org/caapt/annotations/va-anno#104052288_text,1,0.8800612092018127,0.1277638077735901
all,https://w3id.org/caapt/annotations/va-anno#104050460_text,1,0.8798856735229492,0.1279633343219757
all,https://w3id.org/caapt/annotations/va-anno#104053444_text,1,0.8762982487678528,0.1320488452911377
all,https://w3id.org/caapt/annotations/va-anno#104053879_text,1,0.8777881860733032,0.1303499937057495
all,https://w3id.org/caapt/annotations/va-anno#104053825_text,1,0.8515952229499817,0.1606439650058746
all,https://w3id.org/caapt/annotations/va-anno#104051929_text,1,0.8731914162635803,0.1356005370616912
all,https://w3id.org/caapt/annotations/va-anno#104051828_text,1,0.8276616930961609,0.189150869846344
all,https://w3id.org/caapt/annotations/va-anno#104055385_text,1,0.8727895021438599,0.1360609382390976
all,https://w3id.org/caapt/annotations/va-anno#104056879_text,1,0.8547879457473755,0.1569018214941024
all,https://w3id.org/caapt/annotations/va-anno#104051566_text,1,0.8695947527885437,0.1397280246019363
all,https://w3id.org/caapt/annotations/va-anno#104051296_text,1,0.8784587383270264,0.1295863538980484
all,https://w3id.org/caapt/annotations/va-anno#104050511_text,1,0.8800097107887268,0.1278223544359207
all,https://w3id.org/caapt/annotations/va-anno#104051546_text,1,0.879725456237793,0.1281453967094421
all,https://w3id.org/caapt/annotations/va-anno#104051633_text,1,0.8750419616699219,0.1334834545850753
all,https://w3id.org/caapt/annotations/va-anno#104050671_text,0,0.8699904084205627,2.040146589279175
all,https://w3id.org/caapt/annotations/va-anno#104056360_text,1,0.8603377938270569,0.1504302322864532
all,https://w3id.org/caapt/annotations/va-anno#104056784_text,1,0.8591035008430481,0.1518658548593521
all,https://w3id.org/caapt/annotations/va-anno#104051141_text,0,0.8640387654304504,1.995385050773621
all,https://w3id.org/caapt/annotations/va-anno#104055293_text,1,0.8706096410751343,0.1385616511106491
all,https://w3id.org/caapt/annotations/va-anno#104052349_text,1,0.8717056512832642,0.1373035013675689
all,https://w3id.org/caapt/annotations/va-anno#104054711_text,1,0.8679441809654236,0.1416279375553131
all,https://w3id.org/caapt/annotations/va-anno#104053384_text,1,0.8639764189720154,0.1462098062038421
all,https://w3id.org/caapt/annotations/va-anno#104054490_text,1,0.876075029373169,0.1323036104440689
all,https://w3id.org/caapt/annotations/va-anno#104052350_text,1,0.863182008266449,0.1471297293901443
all,https://w3id.org/caapt/annotations/va-anno#104052546_text,1,0.8795728087425232,0.1283189505338668
all,https://w3id.org/caapt/annotations/va-anno#104055354_text,1,0.877927839756012,0.1301909238100052
all,https://w3id.org/caapt/annotations/va-anno#104051295_text,0,0.878790557384491,2.11023497581482
all,https://w3id.org/caapt/annotations/va-anno#104054224_text,1,0.8782861828804016,0.1297827810049057
all,https://w3id.org/caapt/annotations/va-anno#104052407_text,0,0.874788761138916,2.077752351760864
all,https://w3id.org/caapt/annotations/va-anno#104056715_text,1,0.8712866306304932,0.1377843022346496
all,https://w3id.org/caapt/annotations/va-anno#104050550_text,1,0.8698022365570068,0.139489471912384
all,https://w3id.org/caapt/annotations/va-anno#104056788_text,0,0.868726372718811,2.030471324920654
all,https://w3id.org/caapt/annotations/va-anno#104053400_text,1,0.8610843420028687,0.149562805891037
all,https://w3id.org/caapt/annotations/va-anno#104050519_text,0,0.8697016835212708,2.037928342819214
all,https://w3id.org/caapt/annotations/va-anno#104053656_text,1,0.8687477707862854,0.1407025009393692
all,https://w3id.org/caapt/annotations/va-anno#104050372_text,1,0.859435498714447,0.1514794826507568
all,https://w3id.org/caapt/annotations/va-anno#104050306_text,1,0.8665065169334412,0.1432857513427734
all,https://w3id.org/caapt/annotations/va-anno#104050258_text,1,0.8780909776687622,0.1300050318241119
all,https://w3id.org/caapt/annotations/va-anno#104055766_text,1,0.8719142079353333,0.1370642632246017
all,https://w3id.org/caapt/annotations/va-anno#104051325_text,1,0.8592345118522644,0.1517134606838226
all,https://w3id.org/caapt/annotations/va-anno#104053175_text,1,0.8716034293174744,0.1374207139015197
all,https://w3id.org/caapt/annotations/va-anno#104051181_text,0,0.8793611526489258,2.11495327949524
all,https://w3id.org/caapt/annotations/va-anno#104052369_text,1,0.8771337270736694,0.1310959011316299
all,https://w3id.org/caapt/annotations/va-anno#104050316_text,0,0.8748416304588318,2.078175544738769
all,https://w3id.org/caapt/annotations/va-anno#104052304_text,0,0.8724876642227173,2.059541940689087
all,https://w3id.org/caapt/annotations/va-anno#104052892_text,1,0.8515214323997498,0.1607306599617004
all,https://w3id.org/caapt/annotations/va-anno#104052063_text,1,0.8764243125915527,0.1319049894809723
all,https://w3id.org/caapt/annotations/va-anno#104055140_text,1,0.8732714653015137,0.1355088353157043
all,https://w3id.org/caapt/annotations/va-anno#104052320_text,1,0.8657515048980713,0.1441573947668075
all,https://w3id.org/caapt/annotations/va-anno#104056756_text,1,0.8752517104148865,0.1332438141107559
all,https://w3id.org/caapt/annotations/va-anno#104053556_text,1,0.8807970285415649,0.1269280463457107
all,https://w3id.org/caapt/annotations/va-anno#104051555_text,1,0.8649976849555969,0.1450284868478775
all,https://w3id.org/caapt/annotations/va-anno#104055593_text,1,0.8803776502609253,0.1274043172597885
all,https://w3id.org/caapt/annotations/va-anno#104053413_text,1,0.8691173791885376,0.140277087688446
all,https://w3id.org/caapt/annotations/va-anno#104053561_text,1,0.8735185861587524,0.1352259516716003
all,https://w3id.org/caapt/annotations/va-anno#104056734_text,1,0.8681861758232117,0.1413491517305374
all,https://w3id.org/caapt/annotations/va-anno#104052264_text,1,0.8544976115226746,0.1572415977716446
all,https://w3id.org/caapt/annotations/va-anno#104050301_text,1,0.863331139087677,0.1469569504261016
all,https://w3id.org/caapt/annotations/va-anno#104054740_text,1,0.8786534667015076,0.1293647289276123
all,https://w3id.org/caapt/annotations/va-anno#104050386_text,1,0.869773805141449,0.1395221203565597
all,https://w3id.org/caapt/annotations/va-anno#104051404_text,0,0.8805027604103088,2.124462127685547
all,https://w3id.org/caapt/annotations/va-anno#104051499_text,1,0.8731355667114258,0.1356644481420517
all,https://w3id.org/caapt/annotations/va-anno#104051811_text,1,0.8556957840919495,0.1558403968811035
all,https://w3id.org/caapt/annotations/va-anno#104053920_text,1,0.8673174381256104,0.142350286245346
all,https://w3id.org/caapt/annotations/va-anno#104052143_text,1,0.8618872165679932,0.1486308276653289
all,https://w3id.org/caapt/annotations/va-anno#104051860_text,1,0.8766103386878967,0.1316926777362823
all,https://w3id.org/caapt/annotations/va-anno#104051189_text,0,0.8714108467102051,2.051132202148437
all,https://w3id.org/caapt/annotations/va-anno#104050319_text,1,0.8789613246917725,0.1290144026279449
all,https://w3id.org/caapt/annotations/va-anno#104055723_text,1,0.8552235960960388,0.15639229118824
all,https://w3id.org/caapt/annotations/va-anno#104056642_text,1,0.8770889639854431,0.1311468183994293
all,https://w3id.org/caapt/annotations/va-anno#104055108_text,1,0.8753586411476135,0.1331216245889663
all,https://w3id.org/caapt/annotations/va-anno#104052897_text,1,0.8744877576828003,0.1341170668601989
all,https://w3id.org/caapt/annotations/va-anno#104052098_text,1,0.872376561164856,0.1365341246128082
all,https://w3id.org/caapt/annotations/va-anno#104054491_text,1,0.871884286403656,0.1370985656976699
all,https://w3id.org/caapt/annotations/va-anno#104050536_text,0,0.8782764673233032,2.106003284454346
all,https://w3id.org/caapt/annotations/va-anno#104056187_text,1,0.8794030547142029,0.1285119652748108
all,https://w3id.org/caapt/annotations/va-anno#104051300_text,1,0.8697589635848999,0.1395392417907714
all,https://w3id.org/caapt/annotations/va-anno#104056758_text,1,0.8751152753829956,0.1333996951580047
all,https://w3id.org/caapt/annotations/va-anno#104052891_text,1,0.861518919467926,0.1490582674741745
all,https://w3id.org/caapt/annotations/va-anno#104052381_text,1,0.8651449680328369,0.1448582261800766
all,https://w3id.org/caapt/annotations/va-anno#104054251_text,1,0.8780214190483093,0.1300842761993408
all,https://w3id.org/caapt/annotations/va-anno#104051830_text,1,0.8703335523605347,0.1388787627220153
all,https://w3id.org/caapt/annotations/va-anno#104053472_text,1,0.8785890936851501,0.1294379532337188
all,https://w3id.org/caapt/annotations/va-anno#104056814_text,1,0.8806228637695312,0.1271258443593979
all,https://w3id.org/caapt/annotations/va-anno#104056261_text,1,0.8781079053878784,0.1299857795238495
all,https://w3id.org/caapt/annotations/va-anno#104050657_text,0,0.8754714727401733,2.083220481872559
all,https://w3id.org/caapt/annotations/va-anno#104051484_text,1,0.8387148976325989,0.1758844852447509
all,https://w3id.org/caapt/annotations/va-anno#104054276_text,0,0.8748788237571716,2.078472137451172
all,https://w3id.org/caapt/annotations/va-anno#104050562_text,0,0.8726582527160645,2.0608811378479
all,https://w3id.org/caapt/annotations/va-anno#104054304_text,1,0.8619316816329956,0.148579254746437
all,https://w3id.org/caapt/annotations/va-anno#104050312_text,1,0.8525161147117615,0.1595631241798401
all,https://w3id.org/caapt/annotations/va-anno#104053191_text,1,0.8699249029159546,0.1393484324216842
all,https://w3id.org/caapt/annotations/va-anno#104053256_text,1,0.8743472695350647,0.1342776864767074
all,https://w3id.org/caapt/annotations/va-anno#104053429_text,1,0.8806331157684326,0.1271141916513443
all,https://w3id.org/caapt/annotations/va-anno#104051638_text,1,0.870057225227356,0.139196291565895
all,https://w3id.org/caapt/annotations/va-anno#104053631_text,1,0.8589368462562561,0.1520599126815796
all,https://w3id.org/caapt/annotations/va-anno#104054649_text,1,0.8711346983909607,0.13795867562294
all,https://w3id.org/caapt/annotations/va-anno#104052853_text,1,0.8547576665878296,0.1569372862577438
all,https://w3id.org/caapt/annotations/va-anno#104052277_text,1,0.8449656963348389,0.168459266424179
all,https://w3id.org/caapt/annotations/va-anno#104052987_text,0,0.8537408113479614,1.922374844551086
all,https://w3id.org/caapt/annotations/va-anno#104054416_text,1,0.8706476092338562,0.1385179460048675
all,https://w3id.org/caapt/annotations/va-anno#104051556_text,1,0.8579718470573425,0.1531839668750763
all,https://w3id.org/caapt/annotations/va-anno#104051943_text,1,0.8792300820350647,0.1287087202072143
all,https://w3id.org/caapt/annotations/va-anno#104053573_text,1,0.8675966858863831,0.1420283764600753
all,https://w3id.org/caapt/annotations/va-anno#104052015_text,1,0.8719633221626282,0.1370079219341278
all,https://w3id.org/caapt/annotations/va-anno#104054452_text,1,0.8548049926757812,0.1568819433450698
all,https://w3id.org/caapt/annotations/va-anno#104050594_text,1,0.8778373003005981,0.1302940100431442
all,https://w3id.org/caapt/annotations/va-anno#104055336_text,1,0.8658166527748108,0.1440821588039398
all,https://w3id.org/caapt/annotations/va-anno#104052362_text,1,0.8764559626579285,0.131868839263916
all,https://w3id.org/caapt/annotations/va-anno#104054439_text,1,0.87552410364151,0.1329326331615448
all,https://w3id.org/caapt/annotations/va-anno#104052649_text,1,0.8393811583518982,0.1750904023647308
all,https://w3id.org/caapt/annotations/va-anno#104050573_text,0,0.8698123693466187,2.038778305053711
all,https://w3id.org/caapt/annotations/va-anno#104052315_text,1,0.8780356049537659,0.130068153142929
all,https://w3id.org/caapt/annotations/va-anno#104053891_text,1,0.8754578232765198,0.1330083012580871
all,https://w3id.org/caapt/annotations/va-anno#104056854_text,1,0.8746698498725891,0.1339088529348373
all,https://w3id.org/caapt/annotations/va-anno#104051485_text,1,0.8559623956680298,0.1555288136005401
all,https://w3id.org/caapt/annotations/va-anno#104051766_text,0,0.8768603801727295,2.094435691833496
all,https://w3id.org/caapt/annotations/va-anno#104055027_text,1,0.8800508975982666,0.127775564789772
all,https://w3id.org/caapt/annotations/va-anno#104050342_text,1,0.8707854747772217,0.1383596658706665
all,https://w3id.org/caapt/annotations/va-anno#104054017_text,1,0.8649100661277771,0.1451297402381897
all,https://w3id.org/caapt/annotations/va-anno#104052077_text,1,0.8782401084899902,0.129835233092308
all,https://w3id.org/caapt/annotations/va-anno#104050599_text,1,0.864230215549469,0.1459161192178726
all,https://w3id.org/caapt/annotations/va-anno#104053177_text,1,0.8749195337295532,0.1336234360933303
all,https://w3id.org/caapt/annotations/va-anno#104053244_text,0,0.8574768900871277,1.948250889778137
all,https://w3id.org/caapt/annotations/va-anno#104050383_text,1,0.8739328384399414,0.1347518265247345
all,https://w3id.org/caapt/annotations/va-anno#104052880_text,1,0.8675087094306946,0.1421297192573547
all,https://w3id.org/caapt/annotations/va-anno#104051105_text,0,0.8578162789344788,1.950634956359864
all,https://w3id.org/caapt/annotations/va-anno#104053632_text,1,0.8764194250106812,0.1319105327129364
all,https://w3id.org/caapt/annotations/va-anno#104053414_text,1,0.8745703101158142,0.1340226083993911
all,https://w3id.org/caapt/annotations/va-anno#104050256_text,0,0.868340253829956,2.027534484863281
all,https://w3id.org/caapt/annotations/va-anno#104055086_text,1,0.8616361021995544,0.1489222794771194
all,https://w3id.org/caapt/annotations/va-anno#104056773_text,1,0.8502476215362549,0.1622276157140731
all,https://w3id.org/caapt/annotations/va-anno#104051477_text,1,0.8580236434936523,0.1531236320734024
all,https://w3id.org/caapt/annotations/va-anno#104051571_text,1,0.8763387203216553,0.1320026814937591
all,https://w3id.org/caapt/annotations/va-anno#104051612_text,1,0.8680934309959412,0.1414559483528137
all,https://w3id.org/caapt/annotations/va-anno#104056299_text,1,0.8628474473953247,0.1475173830986023
all,https://w3id.org/caapt/annotations/va-anno#104056677_text,1,0.8707854151725769,0.1383597701787948
all,https://w3id.org/caapt/annotations/va-anno#104053003_text,1,0.8714359402656555,0.137612909078598
all,https://w3id.org/caapt/annotations/va-anno#104056093_text,1,0.8788629174232483,0.1291264146566391
all,https://w3id.org/caapt/annotations/va-anno#104051073_text,0,0.8634653687477112,1.991177082061768
all,https://w3id.org/caapt/annotations/va-anno#104053803_text,1,0.8653779029846191,0.1445890069007873
all,https://w3id.org/caapt/annotations/va-anno#104054318_text,1,0.8698945641517639,0.1393832862377166
all,https://w3id.org/caapt/annotations/va-anno#104056904_text,1,0.8642370700836182,0.1459081918001175
all,https://w3id.org/caapt/annotations/va-anno#104051302_text,1,0.8688721656799316,0.1405592709779739
all,https://w3id.org/caapt/annotations/va-anno#104053827_text,1,0.877210259437561,0.1310085952281952
all,https://w3id.org/caapt/annotations/va-anno#104056084_text,0,0.8562252521514893,1.939507007598877
all,https://w3id.org/caapt/annotations/va-anno#104052467_text,1,0.8680064678192139,0.1415561288595199
all,https://w3id.org/caapt/annotations/va-anno#104050331_text,1,0.8783408403396606,0.1297205835580825
all,https://w3id.org/caapt/annotations/va-anno#104054238_text,1,0.8465796709060669,0.1665509790182113
all,https://w3id.org/caapt/annotations/va-anno#104056248_text,1,0.8674748539924622,0.1421688199043274
all,https://w3id.org/caapt/annotations/va-anno#104055309_text,1,0.8732844591140747,0.1354939490556717
all,https://w3id.org/caapt/annotations/va-anno#104056826_text,1,0.8611832857131958,0.1494479328393936
all,https://w3id.org/caapt/annotations/va-anno#104054180_text,1,0.8564552664756775,0.1549531519412994
all,https://w3id.org/caapt/annotations/va-anno#104051833_text,1,0.8801740407943726,0.1276355981826782
all,https://w3id.org/caapt/annotations/va-anno#104052570_text,1,0.8582072854042053,0.1529096215963363
all,https://w3id.org/caapt/annotations/va-anno#104054627_text,1,0.8679460883140564,0.1416256576776504
all,https://w3id.org/caapt/annotations/va-anno#104056465_text,1,0.8599466681480408,0.1508848816156387
all,https://w3id.org/caapt/annotations/va-anno#104054442_text,1,0.8604016304016113,0.1503559648990631
all,https://w3id.org/caapt/annotations/va-anno#104050605_text,1,0.863572895526886,0.1466769725084304
all,https://w3id.org/caapt/annotations/va-anno#104055589_text,1,0.8623934388160706,0.1480436772108078
all,https://w3id.org/caapt/annotations/va-anno#104051802_text,1,0.875748336315155,0.1326765865087509
all,https://w3id.org/caapt/annotations/va-anno#104051717_text,1,0.8702859282493591,0.1389335393905639
all,https://w3id.org/caapt/annotations/va-anno#104053732_text,1,0.8646349906921387,0.1454478651285171
all,https://w3id.org/caapt/annotations/va-anno#104050669_text,1,0.8630828857421875,0.1472445577383041
all,https://w3id.org/caapt/annotations/va-anno#104055962_text,1,0.8754226565361023,0.1330484747886657
all,https://w3id.org/caapt/annotations/va-anno#104052402_text,1,0.878574788570404,0.1294542849063873
all,https://w3id.org/caapt/annotations/va-anno#104056450_text,1,0.8768718242645264,0.1313944905996322
all,https://w3id.org/caapt/annotations/va-anno#104052944_text,1,0.8803951740264893,0.1273843795061111
all,https://w3id.org/caapt/annotations/va-anno#104050624_text,0,0.8735032081604004,2.067538261413574
all,https://w3id.org/caapt/annotations/va-anno#104051425_text,0,0.8700923919677734,2.040931701660156
all,https://w3id.org/caapt/annotations/va-anno#104053869_text,1,0.8767817616462708,0.1314972341060638
all,https://w3id.org/caapt/annotations/va-anno#104054953_text,1,0.8758580088615417,0.132551297545433
all,https://w3id.org/caapt/annotations/va-anno#104053000_text,0,0.8735378980636597,2.067812204360962
all,https://w3id.org/caapt/annotations/va-anno#104055301_text,1,0.875806987285614,0.132609561085701
all,https://w3id.org/caapt/annotations/va-anno#104052642_text,1,0.8776822686195374,0.1304706335067749
all,https://w3id.org/caapt/annotations/va-anno#104055736_text,1,0.8779035210609436,0.1302185505628585
all,https://w3id.org/caapt/annotations/va-anno#104052239_text,1,0.8762381076812744,0.1321173757314682
all,https://w3id.org/caapt/annotations/va-anno#104053441_text,1,0.8589810132980347,0.152008518576622
all,https://w3id.org/caapt/annotations/va-anno#104052151_text,1,0.8652336001396179,0.1447558104991912
all,https://w3id.org/caapt/annotations/va-anno#104055779_text,1,0.8697299361228943,0.1395726203918457
all,https://w3id.org/caapt/annotations/va-anno#104050315_text,0,0.8584595322608948,1.955169677734375
all,https://w3id.org/caapt/annotations/va-anno#104056683_text,1,0.8801082968711853,0.1277102977037429
all,https://w3id.org/caapt/annotations/va-anno#104055097_text,1,0.8605474829673767,0.1501865088939666
all,https://w3id.org/caapt/annotations/va-anno#104055110_text,1,0.8728971481323242,0.1359375417232513
all,https://w3id.org/caapt/annotations/va-anno#104053338_text,1,0.8718546032905579,0.1371326446533203
all,https://w3id.org/caapt/annotations/va-anno#104055600_text,1,0.857011079788208,0.1543044149875641
all,https://w3id.org/caapt/annotations/va-anno#104056816_text,1,0.8752433657646179,0.1332533061504364
all,https://w3id.org/caapt/annotations/va-anno#104056271_text,1,0.8699854016304016,0.1392788589000702
all,https://w3id.org/caapt/annotations/va-anno#104051081_text,0,0.8389086127281189,1.825783252716064
all,https://w3id.org/caapt/annotations/va-anno#104056305_text,1,0.8687331080436707,0.1407192796468734
all,https://w3id.org/caapt/annotations/va-anno#104051519_text,1,0.8674759268760681,0.1421675682067871
all,https://w3id.org/caapt/annotations/va-anno#104051441_text,1,0.857597827911377,0.1536199897527694
all,https://w3id.org/caapt/annotations/va-anno#104051904_text,1,0.8587188124656677,0.1523137241601944
all,https://w3id.org/caapt/annotations/va-anno#104054046_text,1,0.8660134673118591,0.1438548564910888
all,https://w3id.org/caapt/annotations/va-anno#104050513_text,0,0.8712067008018494,2.049546480178833
all,https://w3id.org/caapt/annotations/va-anno#104054520_text,1,0.8664034008979797,0.1434047371149063
all,https://w3id.org/caapt/annotations/va-anno#104054201_text,1,0.8770378828048706,0.131205067038536
all,https://w3id.org/caapt/annotations/va-anno#104052603_text,1,0.8741468787193298,0.1345068663358688
all,https://w3id.org/caapt/annotations/va-anno#104054233_text,1,0.8766279816627502,0.1316726058721542
all,https://w3id.org/caapt/annotations/va-anno#104055710_text,1,0.8647570610046387,0.145306646823883
all,https://w3id.org/caapt/annotations/va-anno#104056067_text,1,0.8613548278808594,0.1492487490177154
all,https://w3id.org/caapt/annotations/va-anno#104052567_text,1,0.8691123723983765,0.1402828842401504
all,https://w3id.org/caapt/annotations/va-anno#104051106_text,0,0.8807970285415649,2.126927852630615
all,https://w3id.org/caapt/annotations/va-anno#104051610_text,1,0.8701530694961548,0.1390861421823501
all,https://w3id.org/caapt/annotations/va-anno#104051347_text,1,0.8721092939376831,0.1368405520915985
all,https://w3id.org/caapt/annotations/va-anno#104050593_text,1,0.8656334280967712,0.1442938297986984
all,https://w3id.org/caapt/annotations/va-anno#104052309_text,1,0.8772351145744324,0.1309802532196045
all,https://w3id.org/caapt/annotations/va-anno#104050780_text,0,0.871803343296051,2.054188966751098
all,https://w3id.org/caapt/annotations/va-anno#104055658_text,1,0.8727754354476929,0.1360770612955093
all,https://w3id.org/caapt/annotations/va-anno#104055174_text,1,0.8742930293083191,0.1343397051095962
all,https://w3id.org/caapt/annotations/va-anno#104050393_text,1,0.8586262464523315,0.1524216085672378
all,https://w3id.org/caapt/annotations/va-anno#104053814_text,1,0.8474861979484558,0.1654807478189468
all,https://w3id.org/caapt/annotations/va-anno#104055843_text,1,0.8807970285415649,0.1269280463457107
all,https://w3id.org/caapt/annotations/va-anno#104056311_text,1,0.8800747394561768,0.1277484893798828
all,https://w3id.org/caapt/annotations/va-anno#104054482_text,1,0.8572470545768738,0.1540291458368301
all,https://w3id.org/caapt/annotations/va-anno#104053782_text,1,0.8641411066055298,0.1460192501544952
all,https://w3id.org/caapt/annotations/va-anno#104050406_text,1,0.8724058866500854,0.1365005373954773
all,https://w3id.org/caapt/annotations/va-anno#104053326_text,1,0.8617565035820007,0.1487825810909271
all,https://w3id.org/caapt/annotations/va-anno#104055533_text,1,0.8736827373504639,0.1350380778312683
all,https://w3id.org/caapt/annotations/va-anno#104053304_text,1,0.868685781955719,0.1407738626003265
all,https://w3id.org/caapt/annotations/va-anno#104055305_text,1,0.8776724338531494,0.1304818242788314
all,https://w3id.org/caapt/annotations/va-anno#104051617_text,0,0.8755477666854858,2.083832740783691
black,https://w3id.org/caapt/annotations/va-anno#104053825_text,1,0.8807970285415649,0.1269280463457107
black,https://w3id.org/caapt/annotations/va-anno#104055385_text,1,0.8757924437522888,0.1326261609792709
black,https://w3id.org/caapt/annotations/va-anno#104056879_text,1,0.8802874088287354,0.1275068521499633
black,https://w3id.org/caapt/annotations/va-anno#104054069_text,1,0.8807970285415649,0.1269280463457107
black,https://w3id.org/caapt/annotations/va-anno#104055366_text,1,0.8807970285415649,0.1269280463457107
black,https://w3id.org/caapt/annotations/va-anno#104056393_text,1,0.8806871771812439,0.1270527839660644
black,https://w3id.org/caapt/annotations/va-anno#104054477_text,1,0.8807970285415649,0.1269280463457107
black,https://w3id.org/caapt/annotations/va-anno#104054837_text,1,0.8807970285415649,0.1269280463457107
black,https://w3id.org/caapt/annotations/va-anno#104053924_text,1,0.8807970285415649,0.1269280463457107
black,https://w3id.org/caapt/annotations/va-anno#104056360_text,1,0.8807970285415649,0.1269280463457107
black,https://w3id.org/caapt/annotations/va-anno#104056823_text,1,0.8807970285415649,0.1269280463457107
black,https://w3id.org/caapt/annotations/va-anno#104056784_text,1,0.8807970285415649,0.1269280463457107
black,https://w3id.org/caapt/annotations/va-anno#104054219_text,1,0.8802540898323059,0.1275447309017181
black,https://w3id.org/caapt/annotations/va-anno#104055293_text,1,0.8802144527435303,0.1275897473096847
black,https://w3id.org/caapt/annotations/va-anno#104053608_text,1,0.8807970285415649,0.1269280463457107
black,https://w3id.org/caapt/annotations/va-anno#104054711_text,1,0.8779402375221252,0.1301767975091934
black,https://w3id.org/caapt/annotations/va-anno#104054490_text,1,0.8807970285415649,0.1269280463457107
black,https://w3id.org/caapt/annotations/va-anno#104056267_text,1,0.8807971477508545,0.1269279420375824
black,https://w3id.org/caapt/annotations/va-anno#104055830_text,1,0.8807970285415649,0.1269280463457107
black,https://w3id.org/caapt/annotations/va-anno#104055354_text,1,0.8805989623069763,0.1271529346704483
black,https://w3id.org/caapt/annotations/va-anno#104055495_text,1,0.8807970285415649,0.1269280463457107
black,https://w3id.org/caapt/annotations/va-anno#104055769_text,1,0.8788360953330994,0.1291569024324417
black,https://w3id.org/caapt/annotations/va-anno#104054224_text,1,0.8807970285415649,0.1269280463457107
black,https://w3id.org/caapt/annotations/va-anno#104054177_text,1,0.8807970285415649,0.1269280463457107
black,https://w3id.org/caapt/annotations/va-anno#104056715_text,1,0.879615306854248,0.128270611166954
black,https://w3id.org/caapt/annotations/va-anno#104054777_text,1,0.8807970285415649,0.1269280463457107
black,https://w3id.org/caapt/annotations/va-anno#104056788_text,0,0.8807970285415649,2.126928091049194
black,https://w3id.org/caapt/annotations/va-anno#104053599_text,1,0.8807970285415649,0.1269280463457107
black,https://w3id.org/caapt/annotations/va-anno#104053656_text,1,0.8807971477508545,0.1269279420375824
black,https://w3id.org/caapt/annotations/va-anno#104053926_text,1,0.8807970285415649,0.1269280463457107
black,https://w3id.org/caapt/annotations/va-anno#104053988_text,1,0.8807970285415649,0.1269280463457107
black,https://w3id.org/caapt/annotations/va-anno#104054254_text,1,0.8783524632453918,0.129707396030426
black,https://w3id.org/caapt/annotations/va-anno#104055766_text,1,0.876227617263794,0.1321293860673904
black,https://w3id.org/caapt/annotations/va-anno#104054968_text,1,0.8806140422821045,0.1271358281373977
black,https://w3id.org/caapt/annotations/va-anno#104056979_text,1,0.8807970285415649,0.1269280463457107
black,https://w3id.org/caapt/annotations/va-anno#104055465_text,1,0.8807970285415649,0.1269280463457107
black,https://w3id.org/caapt/annotations/va-anno#104055140_text,1,0.8807970285415649,0.1269280463457107
black,https://w3id.org/caapt/annotations/va-anno#104056072_text,0,0.8807970285415649,2.126928091049194
black,https://w3id.org/caapt/annotations/va-anno#104056756_text,1,0.8807970285415649,0.1269280463457107
black,https://w3id.org/caapt/annotations/va-anno#104053556_text,1,0.8807971477508545,0.1269279420375824
black,https://w3id.org/caapt/annotations/va-anno#104056840_text,1,0.8807971477508545,0.1269279420375824
black,https://w3id.org/caapt/annotations/va-anno#104053940_text,1,0.8807970285415649,0.1269280463457107
black,https://w3id.org/caapt/annotations/va-anno#104055593_text,1,0.8807971477508545,0.1269279420375824
black,https://w3id.org/caapt/annotations/va-anno#104053686_text,1,0.8807970285415649,0.1269280463457107
black,https://w3id.org/caapt/annotations/va-anno#104053413_text,1,0.8807971477508545,0.1269279420375824
black,https://w3id.org/caapt/annotations/va-anno#104053561_text,1,0.8807970285415649,0.1269280463457107
black,https://w3id.org/caapt/annotations/va-anno#104056734_text,1,0.8807971477508545,0.1269279420375824
black,https://w3id.org/caapt/annotations/va-anno#104056625_text,1,0.8807971477508545,0.1269279420375824
black,https://w3id.org/caapt/annotations/va-anno#104054558_text,1,0.8807970285415649,0.1269280463457107
black,https://w3id.org/caapt/annotations/va-anno#104053460_text,1,0.8807970285415649,0.1269280463457107
black,https://w3id.org/caapt/annotations/va-anno#104053834_text,1,0.8804752826690674,0.1272933781147003
black,https://w3id.org/caapt/annotations/va-anno#104054041_text,1,0.8800889253616333,0.1277323365211486
black,https://w3id.org/caapt/annotations/va-anno#104053730_text,1,0.8807970285415649,0.1269280463457107
black,https://w3id.org/caapt/annotations/va-anno#104055064_text,1,0.8807970285415649,0.1269280463457107
black,https://w3id.org/caapt/annotations/va-anno#104054740_text,1,0.8807970285415649,0.1269280463457107
black,https://w3id.org/caapt/annotations/va-anno#104053920_text,1,0.8807971477508545,0.1269279420375824
black,https://w3id.org/caapt/annotations/va-anno#104056588_text,1,0.8802623152732849,0.1275353878736496
black,https://w3id.org/caapt/annotations/va-anno#104054090_text,1,0.8807970285415649,0.1269280463457107
black,https://w3id.org/caapt/annotations/va-anno#104055723_text,1,0.8807970285415649,0.1269280463457107
black,https://w3id.org/caapt/annotations/va-anno#104056742_text,1,0.8807970285415649,0.1269280463457107
black,https://w3id.org/caapt/annotations/va-anno#104056642_text,1,0.8807970285415649,0.1269280463457107
black,https://w3id.org/caapt/annotations/va-anno#104055108_text,1,0.8807970285415649,0.1269280463457107
black,https://w3id.org/caapt/annotations/va-anno#104053907_text,1,0.8807970285415649,0.1269280463457107
black,https://w3id.org/caapt/annotations/va-anno#104054491_text,1,0.8807970285415649,0.1269280463457107
black,https://w3id.org/caapt/annotations/va-anno#104056187_text,1,0.8806666731834412,0.1270760893821716
black,https://w3id.org/caapt/annotations/va-anno#104056758_text,1,0.8807970285415649,0.1269280463457107
black,https://w3id.org/caapt/annotations/va-anno#104054251_text,1,0.8807762265205383,0.1269516795873642
black,https://w3id.org/caapt/annotations/va-anno#104053472_text,1,0.8807970285415649,0.1269280463457107
black,https://w3id.org/caapt/annotations/va-anno#104056814_text,1,0.8807970285415649,0.1269280463457107
black,https://w3id.org/caapt/annotations/va-anno#104056261_text,1,0.880768358707428,0.1269606053829193
black,https://w3id.org/caapt/annotations/va-anno#104055755_text,1,0.8807970285415649,0.1269280463457107
black,https://w3id.org/caapt/annotations/va-anno#104054276_text,0,0.8807970285415649,2.126928091049194
black,https://w3id.org/caapt/annotations/va-anno#104055717_text,1,0.8807970285415649,0.1269280463457107
black,https://w3id.org/caapt/annotations/va-anno#104054304_text,1,0.8807970285415649,0.1269280463457107
black,https://w3id.org/caapt/annotations/va-anno#104055858_text,1,0.8804009556770325,0.1273778676986694
black,https://w3id.org/caapt/annotations/va-anno#104055195_text,1,0.8807399868965149,0.1269928365945816
black,https://w3id.org/caapt/annotations/va-anno#104056257_text,1,0.8807970285415649,0.1269280463457107
black,https://w3id.org/caapt/annotations/va-anno#104055859_text,0,0.8807970285415649,2.126928091049194
black,https://w3id.org/caapt/annotations/va-anno#104054542_text,1,0.8807971477508545,0.1269279420375824
black,https://w3id.org/caapt/annotations/va-anno#104053429_text,1,0.8807971477508545,0.1269279420375824
black,https://w3id.org/caapt/annotations/va-anno#104054051_text,1,0.8807970285415649,0.1269280463457107
black,https://w3id.org/caapt/annotations/va-anno#104053631_text,1,0.8792633414268494,0.1286708861589431
black,https://w3id.org/caapt/annotations/va-anno#104054649_text,1,0.8807971477508545,0.1269279420375824
black,https://w3id.org/caapt/annotations/va-anno#104055561_text,1,0.8807970285415649,0.1269280463457107
black,https://w3id.org/caapt/annotations/va-anno#104056125_text,1,0.8807970285415649,0.1269280463457107
black,https://w3id.org/caapt/annotations/va-anno#104055326_text,1,0.8807970285415649,0.1269280463457107
black,https://w3id.org/caapt/annotations/va-anno#104054487_text,1,0.8803207874298096,0.1274689584970474
black,https://w3id.org/caapt/annotations/va-anno#104055493_text,1,0.8807970285415649,0.1269280463457107
black,https://w3id.org/caapt/annotations/va-anno#104054416_text,1,0.8807970285415649,0.1269280463457107
black,https://w3id.org/caapt/annotations/va-anno#104056363_text,1,0.8807970285415649,0.1269280463457107
black,https://w3id.org/caapt/annotations/va-anno#104054691_text,1,0.8807970285415649,0.1269280463457107
black,https://w3id.org/caapt/annotations/va-anno#104053573_text,1,0.8806530237197876,0.1270915120840072
black,https://w3id.org/caapt/annotations/va-anno#104054771_text,1,0.8807971477508545,0.1269279420375824
black,https://w3id.org/caapt/annotations/va-anno#104055094_text,1,0.8803113698959351,0.1274795681238174
black,https://w3id.org/caapt/annotations/va-anno#104054452_text,1,0.8807970285415649,0.1269280463457107
black,https://w3id.org/caapt/annotations/va-anno#104055336_text,1,0.8806101679801941,0.1271402239799499
black,https://w3id.org/caapt/annotations/va-anno#104056175_text,1,0.8802365660667419,0.1275645643472671
black,https://w3id.org/caapt/annotations/va-anno#104053894_text,1,0.8807970285415649,0.1269280463457107
black,https://w3id.org/caapt/annotations/va-anno#104054439_text,1,0.8807970285415649,0.1269280463457107
black,https://w3id.org/caapt/annotations/va-anno#104055827_text,1,0.8807970285415649,0.1269280463457107
black,https://w3id.org/caapt/annotations/va-anno#104055464_text,1,0.8807970285415649,0.1269280463457107
black,https://w3id.org/caapt/annotations/va-anno#104053567_text,1,0.8807971477508545,0.1269279420375824
black,https://w3id.org/caapt/annotations/va-anno#104055592_text,1,0.8807970285415649,0.1269280463457107
black,https://w3id.org/caapt/annotations/va-anno#104056201_text,1,0.8807970285415649,0.1269280463457107
black,https://w3id.org/caapt/annotations/va-anno#104055856_text,1,0.8807970285415649,0.1269280463457107
black,https://w3id.org/caapt/annotations/va-anno#104053891_text,1,0.8807970285415649,0.1269280463457107
black,https://w3id.org/caapt/annotations/va-anno#104054216_text,1,0.8807971477508545,0.1269279420375824
black,https://w3id.org/caapt/annotations/va-anno#104056854_text,1,0.8807970285415649,0.1269280463457107
black,https://w3id.org/caapt/annotations/va-anno#104056620_text,1,0.8807971477508545,0.1269279420375824
black,https://w3id.org/caapt/annotations/va-anno#104053946_text,1,0.8807971477508545,0.1269279420375824
black,https://w3id.org/caapt/annotations/va-anno#104055428_text,1,0.8807971477508545,0.1269279420375824
black,https://w3id.org/caapt/annotations/va-anno#104055726_text,1,0.8807435631752014,0.1269887387752533
black,https://w3id.org/caapt/annotations/va-anno#104054183_text,1,0.8784707188606262,0.1295727342367172
black,https://w3id.org/caapt/annotations/va-anno#104053707_text,1,0.8796611428260803,0.1282185018062591
black,https://w3id.org/caapt/annotations/va-anno#104055027_text,1,0.8807970285415649,0.1269280463457107
black,https://w3id.org/caapt/annotations/va-anno#104054760_text,1,0.8802790641784668,0.127516284584999
black,https://w3id.org/caapt/annotations/va-anno#104055344_text,1,0.8807970285415649,0.1269280463457107
black,https://w3id.org/caapt/annotations/va-anno#104054017_text,1,0.8807018399238586,0.1270360946655273
black,https://w3id.org/caapt/annotations/va-anno#104056415_text,1,0.8807970285415649,0.1269280463457107
black,https://w3id.org/caapt/annotations/va-anno#104056136_text,1,0.8800258636474609,0.1278039813041687
black,https://w3id.org/caapt/annotations/va-anno#104056595_text,1,0.8807971477508545,0.1269279420375824
black,https://w3id.org/caapt/annotations/va-anno#104053632_text,1,0.8807970285415649,0.1269280463457107
black,https://w3id.org/caapt/annotations/va-anno#104053414_text,1,0.8803386688232422,0.1274486035108566
black,https://w3id.org/caapt/annotations/va-anno#104055086_text,1,0.8794942498207092,0.128408282995224
black,https://w3id.org/caapt/annotations/va-anno#104056773_text,1,0.8777033686637878,0.1304465681314468
black,https://w3id.org/caapt/annotations/va-anno#104056299_text,1,0.8807970285415649,0.1269280463457107
black,https://w3id.org/caapt/annotations/va-anno#104056677_text,1,0.8807971477508545,0.1269279420375824
black,https://w3id.org/caapt/annotations/va-anno#104056093_text,1,0.8807970285415649,0.1269280463457107
black,https://w3id.org/caapt/annotations/va-anno#104053803_text,1,0.8807971477508545,0.1269279420375824
black,https://w3id.org/caapt/annotations/va-anno#104054318_text,1,0.8805042505264282,0.1272605210542678
black,https://w3id.org/caapt/annotations/va-anno#104056710_text,1,0.8807970285415649,0.1269280463457107
black,https://w3id.org/caapt/annotations/va-anno#104056904_text,1,0.8807970285415649,0.1269280463457107
black,https://w3id.org/caapt/annotations/va-anno#104056373_text,1,0.8798056244850159,0.1280542612075805
black,https://w3id.org/caapt/annotations/va-anno#104053827_text,1,0.8807970285415649,0.1269280463457107
black,https://w3id.org/caapt/annotations/va-anno#104056084_text,0,0.8797217607498169,2.117947340011597
black,https://w3id.org/caapt/annotations/va-anno#104054398_text,1,0.878534734249115,0.1294998377561569
black,https://w3id.org/caapt/annotations/va-anno#104055491_text,1,0.8807970285415649,0.1269280463457107
black,https://w3id.org/caapt/annotations/va-anno#104054238_text,1,0.8803076148033142,0.1274838596582412
black,https://w3id.org/caapt/annotations/va-anno#104056248_text,1,0.8807970285415649,0.1269280463457107
black,https://w3id.org/caapt/annotations/va-anno#104055309_text,1,0.8807971477508545,0.1269279420375824
black,https://w3id.org/caapt/annotations/va-anno#104056826_text,1,0.8807970285415649,0.1269280463457107
black,https://w3id.org/caapt/annotations/va-anno#104054180_text,1,0.880096971988678,0.1277232021093368
black,https://w3id.org/caapt/annotations/va-anno#104056810_text,1,0.8807654976844788,0.1269638538360595
black,https://w3id.org/caapt/annotations/va-anno#104055414_text,1,0.8807970285415649,0.1269280463457107
black,https://w3id.org/caapt/annotations/va-anno#104054108_text,1,0.8807970285415649,0.1269280463457107
black,https://w3id.org/caapt/annotations/va-anno#104054627_text,1,0.8807970285415649,0.1269280463457107
black,https://w3id.org/caapt/annotations/va-anno#104054176_text,1,0.8807970285415649,0.1269280463457107
black,https://w3id.org/caapt/annotations/va-anno#104056465_text,1,0.8807970285415649,0.1269280463457107
black,https://w3id.org/caapt/annotations/va-anno#104054442_text,1,0.880528450012207,0.1272330284118652
black,https://w3id.org/caapt/annotations/va-anno#104055589_text,1,0.8807970285415649,0.1269280463457107
black,https://w3id.org/caapt/annotations/va-anno#104056609_text,1,0.8807970285415649,0.1269280463457107
black,https://w3id.org/caapt/annotations/va-anno#104054781_text,1,0.8807970285415649,0.1269280463457107
black,https://w3id.org/caapt/annotations/va-anno#104053732_text,1,0.8807970285415649,0.1269280463457107
black,https://w3id.org/caapt/annotations/va-anno#104055962_text,1,0.8805801868438721,0.1271742433309555
black,https://w3id.org/caapt/annotations/va-anno#104055472_text,1,0.8807971477508545,0.1269279420375824
black,https://w3id.org/caapt/annotations/va-anno#104054023_text,1,0.8807971477508545,0.1269279420375824
black,https://w3id.org/caapt/annotations/va-anno#104056269_text,1,0.8807970285415649,0.1269280463457107
black,https://w3id.org/caapt/annotations/va-anno#104056450_text,1,0.8807970285415649,0.1269280463457107
black,https://w3id.org/caapt/annotations/va-anno#104055664_text,1,0.8807970285415649,0.1269280463457107
black,https://w3id.org/caapt/annotations/va-anno#104055602_text,0,0.8793221116065979,2.114630460739136
black,https://w3id.org/caapt/annotations/va-anno#104054286_text,1,0.8807970285415649,0.1269280463457107
black,https://w3id.org/caapt/annotations/va-anno#104056606_text,1,0.8797371983528137,0.1281319856643676
black,https://w3id.org/caapt/annotations/va-anno#104056444_text,1,0.8807971477508545,0.1269279420375824
black,https://w3id.org/caapt/annotations/va-anno#104055742_text,1,0.8807970285415649,0.1269280463457107
black,https://w3id.org/caapt/annotations/va-anno#104056974_text,1,0.8807970285415649,0.1269280463457107
black,https://w3id.org/caapt/annotations/va-anno#104053869_text,1,0.8807970285415649,0.1269280463457107
black,https://w3id.org/caapt/annotations/va-anno#104054953_text,1,0.8798831105232239,0.1279661655426025
black,https://w3id.org/caapt/annotations/va-anno#104055301_text,1,0.8807970285415649,0.1269280463457107
black,https://w3id.org/caapt/annotations/va-anno#104054474_text,1,0.8807970285415649,0.1269280463457107
black,https://w3id.org/caapt/annotations/va-anno#104056420_text,1,0.8781969547271729,0.1298844367265701
black,https://w3id.org/caapt/annotations/va-anno#104055736_text,1,0.8807970285415649,0.1269280463457107
black,https://w3id.org/caapt/annotations/va-anno#104055250_text,1,0.8795092105865479,0.1283911913633346
black,https://w3id.org/caapt/annotations/va-anno#104054704_text,1,0.8807970285415649,0.1269280463457107
black,https://w3id.org/caapt/annotations/va-anno#104053441_text,1,0.8807970285415649,0.1269280463457107
black,https://w3id.org/caapt/annotations/va-anno#104055375_text,1,0.8807971477508545,0.1269279420375824
black,https://w3id.org/caapt/annotations/va-anno#104055405_text,1,0.8807970285415649,0.1269280463457107
black,https://w3id.org/caapt/annotations/va-anno#104055662_text,1,0.8807970285415649,0.1269280463457107
black,https://w3id.org/caapt/annotations/va-anno#104054409_text,1,0.8807970285415649,0.1269280463457107
black,https://w3id.org/caapt/annotations/va-anno#104055779_text,1,0.8796384334564209,0.1282442957162857
black,https://w3id.org/caapt/annotations/va-anno#104056683_text,1,0.8807970285415649,0.1269280463457107
black,https://w3id.org/caapt/annotations/va-anno#104056963_text,1,0.8807970285415649,0.1269280463457107
black,https://w3id.org/caapt/annotations/va-anno#104055097_text,1,0.8785769939422607,0.1294517666101455
black,https://w3id.org/caapt/annotations/va-anno#104055110_text,1,0.8802204132080078,0.1275829225778579
black,https://w3id.org/caapt/annotations/va-anno#104055633_text,1,0.8806098103523254,0.1271406561136245
black,https://w3id.org/caapt/annotations/va-anno#104056123_text,1,0.8807970285415649,0.1269280463457107
black,https://w3id.org/caapt/annotations/va-anno#104055600_text,1,0.8807970285415649,0.1269280463457107
black,https://w3id.org/caapt/annotations/va-anno#104056816_text,1,0.8807970285415649,0.1269280463457107
black,https://w3id.org/caapt/annotations/va-anno#104056271_text,1,0.8803923726081848,0.1273876279592514
black,https://w3id.org/caapt/annotations/va-anno#104055728_text,1,0.8795475959777832,0.1283475756645202
black,https://w3id.org/caapt/annotations/va-anno#104056305_text,1,0.8802624344825745,0.1275351792573928
black,https://w3id.org/caapt/annotations/va-anno#104056230_text,1,0.8807970285415649,0.1269280463457107
black,https://w3id.org/caapt/annotations/va-anno#104055730_text,1,0.8807970285415649,0.1269280463457107
black,https://w3id.org/caapt/annotations/va-anno#104054841_text,1,0.8807970285415649,0.1269280463457107
black,https://w3id.org/caapt/annotations/va-anno#104054046_text,1,0.8807970285415649,0.1269280463457107
black,https://w3id.org/caapt/annotations/va-anno#104054520_text,1,0.8804983496665955,0.1272672414779663
black,https://w3id.org/caapt/annotations/va-anno#104056333_text,1,0.8807970285415649,0.1269280463457107
black,https://w3id.org/caapt/annotations/va-anno#104054201_text,1,0.8807970285415649,0.1269280463457107
black,https://w3id.org/caapt/annotations/va-anno#104054233_text,1,0.8807970285415649,0.1269280463457107
black,https://w3id.org/caapt/annotations/va-anno#104055710_text,1,0.8807970285415649,0.1269280463457107
black,https://w3id.org/caapt/annotations/va-anno#104056067_text,1,0.8807970285415649,0.1269280463457107
black,https://w3id.org/caapt/annotations/va-anno#104056468_text,1,0.8798868656158447,0.1279619634151458
black,https://w3id.org/caapt/annotations/va-anno#104054975_text,1,0.8807970285415649,0.1269280463457107
black,https://w3id.org/caapt/annotations/va-anno#104056725_text,1,0.8807970285415649,0.1269280463457107
black,https://w3id.org/caapt/annotations/va-anno#104053703_text,1,0.8807732462882996,0.1269550323486328
black,https://w3id.org/caapt/annotations/va-anno#104055658_text,1,0.8798745274543762,0.1279759109020233
black,https://w3id.org/caapt/annotations/va-anno#104055348_text,1,0.8807970285415649,0.1269280463457107
black,https://w3id.org/caapt/annotations/va-anno#104055174_text,1,0.8805009126663208,0.1272643059492111
black,https://w3id.org/caapt/annotations/va-anno#104055748_text,1,0.8807970285415649,0.1269280463457107
black,https://w3id.org/caapt/annotations/va-anno#104056767_text,1,0.8807970285415649,0.1269280463457107
black,https://w3id.org/caapt/annotations/va-anno#104053814_text,1,0.8807970285415649,0.1269280463457107
black,https://w3id.org/caapt/annotations/va-anno#104055843_text,1,0.8807970285415649,0.1269280463457107
black,https://w3id.org/caapt/annotations/va-anno#104056311_text,1,0.8807970285415649,0.1269280463457107
black,https://w3id.org/caapt/annotations/va-anno#104054482_text,1,0.8806973099708557,0.1270413398742675
black,https://w3id.org/caapt/annotations/va-anno#104055722_text,1,0.8807970285415649,0.1269280463457107
black,https://w3id.org/caapt/annotations/va-anno#104053782_text,1,0.8807970285415649,0.1269280463457107
black,https://w3id.org/caapt/annotations/va-anno#104056594_text,1,0.8807970285415649,0.1269280463457107
black,https://w3id.org/caapt/annotations/va-anno#104053444_text,1,0.8807970285415649,0.1269280463457107
black,https://w3id.org/caapt/annotations/va-anno#104055533_text,1,0.8807970285415649,0.1269280463457107
black,https://w3id.org/caapt/annotations/va-anno#104055305_text,1,0.8805315494537354,0.127229556441307
black,https://w3id.org/caapt/annotations/va-anno#104053879_text,1,0.8807970285415649,0.1269280463457107
gay,https://w3id.org/caapt/annotations/va-anno#104052730_text,1,0.8432487845420837,0.1704932153224945
gay,https://w3id.org/caapt/annotations/va-anno#104052676_text,1,0.8607729077339172,0.1499245762825012
gay,https://w3id.org/caapt/annotations/va-anno#104053000_text,0,0.8581233620643616,1.952797293663025
gay,https://w3id.org/caapt/annotations/va-anno#104053330_text,1,0.8645239472389221,0.1455762833356857
gay,https://w3id.org/caapt/annotations/va-anno#104052659_text,1,0.8579858541488647,0.1531677097082138
gay,https://w3id.org/caapt/annotations/va-anno#104052569_text,1,0.8720062971115112,0.1369586437940597
gay,https://w3id.org/caapt/annotations/va-anno#104052923_text,1,0.8650099039077759,0.1450143605470657
gay,https://w3id.org/caapt/annotations/va-anno#104052642_text,1,0.8548040986061096,0.1568829715251922
gay,https://w3id.org/caapt/annotations/va-anno#104053053_text,1,0.870755672454834,0.1383939087390899
gay,https://w3id.org/caapt/annotations/va-anno#104053011_text,1,0.8615891337394714,0.1489767134189605
gay,https://w3id.org/caapt/annotations/va-anno#104053177_text,1,0.8570588231086731,0.1542487293481826
gay,https://w3id.org/caapt/annotations/va-anno#104053338_text,1,0.865717887878418,0.1441961973905563
gay,https://w3id.org/caapt/annotations/va-anno#104053244_text,0,0.8523451685905457,1.912878036499024
gay,https://w3id.org/caapt/annotations/va-anno#104053384_text,1,0.8519930839538574,0.1601768732070922
gay,https://w3id.org/caapt/annotations/va-anno#104052880_text,1,0.8797353506088257,0.1281341761350631
gay,https://w3id.org/caapt/annotations/va-anno#104052566_text,1,0.8469672799110413,0.1660932004451751
gay,https://w3id.org/caapt/annotations/va-anno#104052897_text,1,0.8618478178977966,0.1486765593290329
gay,https://w3id.org/caapt/annotations/va-anno#104052911_text,0,0.8743305206298828,2.074099779129028
gay,https://w3id.org/caapt/annotations/va-anno#104053111_text,1,0.8745672702789307,0.1340260505676269
gay,https://w3id.org/caapt/annotations/va-anno#104052647_text,1,0.8406367897987366,0.1735955625772476
gay,https://w3id.org/caapt/annotations/va-anno#104052891_text,1,0.8564245104789734,0.1549890786409378
gay,https://w3id.org/caapt/annotations/va-anno#104053003_text,1,0.841357946395874,0.1727380901575088
gay,https://w3id.org/caapt/annotations/va-anno#104052967_text,1,0.8576323986053467,0.1535797119140625
gay,https://w3id.org/caapt/annotations/va-anno#104053400_text,1,0.8351404070854187,0.180155411362648
gay,https://w3id.org/caapt/annotations/va-anno#104053270_text,1,0.8289999961853027,0.187535211443901
gay,https://w3id.org/caapt/annotations/va-anno#104052603_text,1,0.8716578483581543,0.1373583674430847
gay,https://w3id.org/caapt/annotations/va-anno#104053064_text,0,0.855388343334198,1.933703184127808
gay,https://w3id.org/caapt/annotations/va-anno#104052567_text,1,0.8659374713897705,0.1439425945281982
gay,https://w3id.org/caapt/annotations/va-anno#104053253_text,0,0.8445179462432861,1.861225008964538
gay,https://w3id.org/caapt/annotations/va-anno#104052579_text,1,0.878206729888916,0.1298732459545135
gay,https://w3id.org/caapt/annotations/va-anno#104053191_text,1,0.86338210105896,0.1468979716300964
gay,https://w3id.org/caapt/annotations/va-anno#104053403_text,1,0.872226357460022,0.1367063224315643
gay,https://w3id.org/caapt/annotations/va-anno#104052735_text,1,0.8727349638938904,0.1361233592033386
gay,https://w3id.org/caapt/annotations/va-anno#104053256_text,1,0.8463181257247925,0.1668599545955658
gay,https://w3id.org/caapt/annotations/va-anno#104053175_text,1,0.8674215078353882,0.1422302424907684
gay,https://w3id.org/caapt/annotations/va-anno#104053357_text,1,0.8393703699111938,0.1751032173633575
gay,https://w3id.org/caapt/annotations/va-anno#104053305_text,1,0.8114945888519287,0.2088775485754013
gay,https://w3id.org/caapt/annotations/va-anno#104052853_text,1,0.8576279282569885,0.1535849273204803
gay,https://w3id.org/caapt/annotations/va-anno#104052987_text,0,0.8495028614997864,1.893811345100403
gay,https://w3id.org/caapt/annotations/va-anno#104052570_text,1,0.873892605304718,0.1347978711128235
gay,https://w3id.org/caapt/annotations/va-anno#104053226_text,1,0.8661760687828064,0.1436671465635299
gay,https://w3id.org/caapt/annotations/va-anno#104053311_text,1,0.8790210485458374,0.1289464086294174
gay,https://w3id.org/caapt/annotations/va-anno#104052892_text,1,0.8470076322555542,0.1660456508398056
gay,https://w3id.org/caapt/annotations/va-anno#104053343_text,1,0.8690113425254822,0.1403991281986236
gay,https://w3id.org/caapt/annotations/va-anno#104052712_text,1,0.8724843263626099,0.13641057908535
gay,https://w3id.org/caapt/annotations/va-anno#104052645_text,1,0.8672780394554138,0.1423956751823425
gay,https://w3id.org/caapt/annotations/va-anno#104052886_text,1,0.8517900109291077,0.1604152172803878
gay,https://w3id.org/caapt/annotations/va-anno#104052649_text,1,0.8606029152870178,0.1501220911741256
gay,https://w3id.org/caapt/annotations/va-anno#104053326_text,1,0.8793455362319946,0.1285773813724517
gay,https://w3id.org/caapt/annotations/va-anno#104053304_text,1,0.865866482257843,0.1440245658159256
gay,https://w3id.org/caapt/annotations/va-anno#104052614_text,1,0.8656145930290222,0.1443154960870742
gay,https://w3id.org/caapt/annotations/va-anno#104052944_text,1,0.8601301312446594,0.1506715267896652
gay,https://w3id.org/caapt/annotations/va-anno#104053159_text,1,0.8633731007575989,0.1469083726406097
indian,https://w3id.org/caapt/annotations/va-anno#104052095_text,1,0.8507906794548035,0.1615891605615615
indian,https://w3id.org/caapt/annotations/va-anno#104051929_text,1,0.8688041567802429,0.1406375765800476
indian,https://w3id.org/caapt/annotations/va-anno#104051330_text,1,0.875465989112854,0.1329990178346634
indian,https://w3id.org/caapt/annotations/va-anno#104051828_text,1,0.8698488473892212,0.1394358575344085
indian,https://w3id.org/caapt/annotations/va-anno#104051485_text,1,0.8622715473175049,0.1481850296258926
indian,https://w3id.org/caapt/annotations/va-anno#104051566_text,1,0.8690800666809082,0.1403200775384903
indian,https://w3id.org/caapt/annotations/va-anno#104051607_text,1,0.8744823336601257,0.1341232061386108
indian,https://w3id.org/caapt/annotations/va-anno#104051296_text,1,0.8651750683784485,0.1448234617710113
indian,https://w3id.org/caapt/annotations/va-anno#104051705_text,1,0.8786939382553101,0.1293186396360397
indian,https://w3id.org/caapt/annotations/va-anno#104052006_text,0,0.8754503726959229,2.083050966262817
indian,https://w3id.org/caapt/annotations/va-anno#104051766_text,0,0.8663655519485474,2.012646675109864
indian,https://w3id.org/caapt/annotations/va-anno#104051546_text,1,0.8771748542785645,0.1310489475727081
indian,https://w3id.org/caapt/annotations/va-anno#104052512_text,1,0.8645201325416565,0.1455807238817215
indian,https://w3id.org/caapt/annotations/va-anno#104051633_text,1,0.8659312129020691,0.1439498215913772
indian,https://w3id.org/caapt/annotations/va-anno#104051953_text,1,0.8701117634773254,0.1391336470842361
indian,https://w3id.org/caapt/annotations/va-anno#104051696_text,1,0.8756726980209351,0.1327629089355468
indian,https://w3id.org/caapt/annotations/va-anno#104051913_text,1,0.8731876015663147,0.1356049180030822
indian,https://w3id.org/caapt/annotations/va-anno#104051679_text,1,0.8546403646469116,0.1570745259523391
indian,https://w3id.org/caapt/annotations/va-anno#104052077_text,1,0.8798107504844666,0.1280484944581985
indian,https://w3id.org/caapt/annotations/va-anno#104051531_text,1,0.8712485432624817,0.1378280371427536
indian,https://w3id.org/caapt/annotations/va-anno#104051636_text,1,0.8764071464538574,0.1319245398044586
indian,https://w3id.org/caapt/annotations/va-anno#104052349_text,1,0.8707442283630371,0.1384069919586181
indian,https://w3id.org/caapt/annotations/va-anno#104051702_text,1,0.8691748380661011,0.1402109861373901
indian,https://w3id.org/caapt/annotations/va-anno#104051920_text,1,0.8580611348152161,0.153079941868782
indian,https://w3id.org/caapt/annotations/va-anno#104052350_text,1,0.8647972941398621,0.1452601552009582
indian,https://w3id.org/caapt/annotations/va-anno#104052141_text,1,0.8797058463096619,0.1281677335500717
indian,https://w3id.org/caapt/annotations/va-anno#104052546_text,1,0.875173032283783,0.1333337575197219
indian,https://w3id.org/caapt/annotations/va-anno#104051295_text,0,0.875006914138794,2.07949686050415
indian,https://w3id.org/caapt/annotations/va-anno#104051477_text,1,0.8789514303207397,0.1290256232023239
indian,https://w3id.org/caapt/annotations/va-anno#104052407_text,0,0.8564608097076416,1.941146969795227
indian,https://w3id.org/caapt/annotations/va-anno#104051659_text,1,0.8756808042526245,0.1327536255121231
indian,https://w3id.org/caapt/annotations/va-anno#104051571_text,1,0.866182267665863,0.1436599195003509
indian,https://w3id.org/caapt/annotations/va-anno#104051948_text,1,0.8709056973457336,0.1382215917110443
indian,https://w3id.org/caapt/annotations/va-anno#104051612_text,1,0.8775508403778076,0.1306204497814178
indian,https://w3id.org/caapt/annotations/va-anno#104051307_text,1,0.8775404691696167,0.1306322664022445
indian,https://w3id.org/caapt/annotations/va-anno#104052106_text,1,0.8693827986717224,0.1399718075990677
indian,https://w3id.org/caapt/annotations/va-anno#104052434_text,1,0.8747813105583191,0.1337814331054687
indian,https://w3id.org/caapt/annotations/va-anno#104052120_text,1,0.8548521995544434,0.1568267196416854
indian,https://w3id.org/caapt/annotations/va-anno#104051302_text,1,0.8460186719894409,0.1672137975692749
indian,https://w3id.org/caapt/annotations/va-anno#104051745_text,1,0.8701523542404175,0.139086976647377
indian,https://w3id.org/caapt/annotations/va-anno#104052189_text,1,0.8795276880264282,0.1283702254295349
indian,https://w3id.org/caapt/annotations/va-anno#104052467_text,1,0.8577642440795898,0.1534260362386703
indian,https://w3id.org/caapt/annotations/va-anno#104051325_text,1,0.8793237209320068,0.1286022216081619
indian,https://w3id.org/caapt/annotations/va-anno#104052442_text,1,0.8806556463241577,0.127088576555252
indian,https://w3id.org/caapt/annotations/va-anno#104052369_text,1,0.8635475635528564,0.1467063128948211
indian,https://w3id.org/caapt/annotations/va-anno#104052186_text,0,0.8727645874023438,2.061715841293335
indian,https://w3id.org/caapt/annotations/va-anno#104051833_text,1,0.8684166073799133,0.1410837471485138
indian,https://w3id.org/caapt/annotations/va-anno#104051329_text,1,0.8687553405761719,0.1406938135623932
indian,https://w3id.org/caapt/annotations/va-anno#104052304_text,0,0.861907958984375,1.97983455657959
indian,https://w3id.org/caapt/annotations/va-anno#104051541_text,1,0.8700215816497803,0.1392372697591781
indian,https://w3id.org/caapt/annotations/va-anno#104052063_text,1,0.867777407169342,0.1418200433254242
indian,https://w3id.org/caapt/annotations/va-anno#104051715_text,1,0.873375654220581,0.1353895217180252
indian,https://w3id.org/caapt/annotations/va-anno#104052320_text,1,0.872500479221344,0.136392056941986
indian,https://w3id.org/caapt/annotations/va-anno#104051788_text,1,0.8807970285415649,0.1269280463457107
indian,https://w3id.org/caapt/annotations/va-anno#104052299_text,1,0.8668249249458313,0.1429182589054107
indian,https://w3id.org/caapt/annotations/va-anno#104051313_text,1,0.8353884816169739,0.179858386516571
indian,https://w3id.org/caapt/annotations/va-anno#104051802_text,1,0.8561748266220093,0.1552807241678238
indian,https://w3id.org/caapt/annotations/va-anno#104051555_text,1,0.8779990077018738,0.130109816789627
indian,https://w3id.org/caapt/annotations/va-anno#104051717_text,1,0.8691011667251587,0.1402957290410995
indian,https://w3id.org/caapt/annotations/va-anno#104051658_text,1,0.8657374978065491,0.1441735923290252
indian,https://w3id.org/caapt/annotations/va-anno#104052271_text,0,0.8454174399375916,1.867027163505554
indian,https://w3id.org/caapt/annotations/va-anno#104052070_text,1,0.8709768652915955,0.1381398737430572
indian,https://w3id.org/caapt/annotations/va-anno#104051435_text,1,0.8691399693489075,0.1402511745691299
indian,https://w3id.org/caapt/annotations/va-anno#104052402_text,1,0.8537378311157227,0.1581310778856277
indian,https://w3id.org/caapt/annotations/va-anno#104052264_text,1,0.8534605503082275,0.1584558933973312
indian,https://w3id.org/caapt/annotations/va-anno#104051425_text,0,0.8784763813018799,2.107645988464355
indian,https://w3id.org/caapt/annotations/va-anno#104051311_text,1,0.868233323097229,0.1412948220968246
indian,https://w3id.org/caapt/annotations/va-anno#104051522_text,1,0.8738322854042053,0.1348668336868286
indian,https://w3id.org/caapt/annotations/va-anno#104052245_text,1,0.8776017427444458,0.1305623948574066
indian,https://w3id.org/caapt/annotations/va-anno#104051471_text,1,0.8480427861213684,0.1648241579532623
indian,https://w3id.org/caapt/annotations/va-anno#104052239_text,1,0.8473984003067017,0.1655844002962112
indian,https://w3id.org/caapt/annotations/va-anno#104051404_text,0,0.8731261491775513,2.064561605453491
indian,https://w3id.org/caapt/annotations/va-anno#104051499_text,1,0.8666844964027405,0.1430802792310714
indian,https://w3id.org/caapt/annotations/va-anno#104051811_text,1,0.8742450475692749,0.1343946307897567
indian,https://w3id.org/caapt/annotations/va-anno#104052461_text,1,0.8767766952514648,0.1315029859542846
indian,https://w3id.org/caapt/annotations/va-anno#104052151_text,1,0.844356894493103,0.1691800206899643
indian,https://w3id.org/caapt/annotations/va-anno#104052143_text,1,0.8695961236953735,0.1397264748811721
indian,https://w3id.org/caapt/annotations/va-anno#104051860_text,1,0.83302903175354,0.1826868057250976
indian,https://w3id.org/caapt/annotations/va-anno#104052112_text,1,0.8631085753440857,0.1472148299217224
indian,https://w3id.org/caapt/annotations/va-anno#104051577_text,1,0.8552947640419006,0.1563090980052948
indian,https://w3id.org/caapt/annotations/va-anno#104052392_text,1,0.8806345462799072,0.1271125227212906
indian,https://w3id.org/caapt/annotations/va-anno#104052098_text,1,0.8780636191368103,0.1300362348556518
indian,https://w3id.org/caapt/annotations/va-anno#104052480_text,1,0.8721727132797241,0.1367677748203277
indian,https://w3id.org/caapt/annotations/va-anno#104051519_text,1,0.8714627027511597,0.1375821679830551
indian,https://w3id.org/caapt/annotations/va-anno#104052244_text,0,0.824579656124115,1.740570068359375
indian,https://w3id.org/caapt/annotations/va-anno#104051959_text,1,0.8417064547538757,0.1723239719867706
indian,https://w3id.org/caapt/annotations/va-anno#104051305_text,0,0.8776898980140686,2.101195573806763
indian,https://w3id.org/caapt/annotations/va-anno#104051300_text,1,0.8653775453567505,0.1445894241333007
indian,https://w3id.org/caapt/annotations/va-anno#104052381_text,1,0.8695409893989563,0.139789804816246
indian,https://w3id.org/caapt/annotations/va-anno#104051441_text,1,0.8687017560005188,0.1407554298639297
indian,https://w3id.org/caapt/annotations/va-anno#104051904_text,1,0.8513399362564087,0.1609437018632888
indian,https://w3id.org/caapt/annotations/va-anno#104051830_text,1,0.8671343326568604,0.1425613909959793
indian,https://w3id.org/caapt/annotations/va-anno#104051525_text,0,0.8751459121704102,2.080609083175659
indian,https://w3id.org/caapt/annotations/va-anno#104052544_text,0,0.8670485615730286,2.017771005630493
indian,https://w3id.org/caapt/annotations/va-anno#104051400_text,0,0.8807970285415649,2.126927852630615
indian,https://w3id.org/caapt/annotations/va-anno#104051651_text,1,0.8681417107582092,0.1414003819227218
indian,https://w3id.org/caapt/annotations/va-anno#104052107_text,1,0.8694461584091187,0.1398988515138626
indian,https://w3id.org/caapt/annotations/va-anno#104051999_text,1,0.8648319244384766,0.1452201604843139
indian,https://w3id.org/caapt/annotations/va-anno#104051484_text,1,0.8557539582252502,0.1557723432779312
indian,https://w3id.org/caapt/annotations/va-anno#104052294_text,0,0.8709549307823181,2.047592878341675
indian,https://w3id.org/caapt/annotations/va-anno#104051714_text,1,0.8587817549705505,0.1522404253482818
indian,https://w3id.org/caapt/annotations/va-anno#104052254_text,0,0.8788177371025085,2.110459566116333
indian,https://w3id.org/caapt/annotations/va-anno#104052265_text,1,0.8673132061958313,0.1423551440238952
indian,https://w3id.org/caapt/annotations/va-anno#104051610_text,1,0.8738353848457336,0.1348633021116256
indian,https://w3id.org/caapt/annotations/va-anno#104051347_text,1,0.8724198341369629,0.1364845186471939
indian,https://w3id.org/caapt/annotations/va-anno#104052309_text,1,0.8672032952308655,0.1424818933010101
indian,https://w3id.org/caapt/annotations/va-anno#104052036_text,1,0.8799525499343872,0.1278872787952423
indian,https://w3id.org/caapt/annotations/va-anno#104051638_text,1,0.8719797730445862,0.1369891017675399
indian,https://w3id.org/caapt/annotations/va-anno#104051517_text,1,0.8615676760673523,0.1490016728639602
indian,https://w3id.org/caapt/annotations/va-anno#104051701_text,1,0.8399930596351624,0.1743615865707397
indian,https://w3id.org/caapt/annotations/va-anno#104052277_text,1,0.8728418350219727,0.1360009014606475
indian,https://w3id.org/caapt/annotations/va-anno#104051291_text,1,0.8777133226394653,0.1304352730512619
indian,https://w3id.org/caapt/annotations/va-anno#104051861_text,0,0.8805103302001953,2.124525547027588
indian,https://w3id.org/caapt/annotations/va-anno#104051556_text,1,0.8776252269744873,0.13053560256958
indian,https://w3id.org/caapt/annotations/va-anno#104051943_text,1,0.860030472278595,0.1507874876260757
indian,https://w3id.org/caapt/annotations/va-anno#104051582_text,1,0.863014817237854,0.1473233699798584
indian,https://w3id.org/caapt/annotations/va-anno#104052015_text,1,0.8753955960273743,0.1330793648958206
indian,https://w3id.org/caapt/annotations/va-anno#104051354_text,1,0.8799130916595459,0.1279321759939193
indian,https://w3id.org/caapt/annotations/va-anno#104052378_text,1,0.874914824962616,0.1336287558078766
indian,https://w3id.org/caapt/annotations/va-anno#104052362_text,1,0.8798465132713318,0.1280077993869781
indian,https://w3id.org/caapt/annotations/va-anno#104052288_text,1,0.8720240592956543,0.1369382739067077
indian,https://w3id.org/caapt/annotations/va-anno#104052473_text,1,0.880279541015625,0.1275157630443573
indian,https://w3id.org/caapt/annotations/va-anno#104052331_text,0,0.8710808157920837,2.048568964004517
indian,https://w3id.org/caapt/annotations/va-anno#104051617_text,0,0.871864914894104,2.054669857025146
indian,https://w3id.org/caapt/annotations/va-anno#104052255_text,1,0.879134476184845,0.1288174092769622
indian,https://w3id.org/caapt/annotations/va-anno#104052315_text,1,0.8523172736167908,0.1597964465618133
orient,https://w3id.org/caapt/annotations/va-anno#104050608_text,1,0.645606517791748,0.4375650882720947
orient,https://w3id.org/caapt/annotations/va-anno#104050624_text,1,0.6392852067947388,0.4474046230316162
orient,https://w3id.org/caapt/annotations/va-anno#104050657_text,1,0.6546679735183716,0.4236270487308502
orient,https://w3id.org/caapt/annotations/va-anno#104051223_text,1,0.6518879532814026,0.4278825223445892
orient,https://w3id.org/caapt/annotations/va-anno#104051109_text,1,0.634594738483429,0.4547686576843261
orient,https://w3id.org/caapt/annotations/va-anno#104050562_text,1,0.6535822153091431,0.4252868890762329
orient,https://w3id.org/caapt/annotations/va-anno#104051106_text,1,0.6351951956748962,0.4538228809833526
orient,https://w3id.org/caapt/annotations/va-anno#104050679_text,0,0.6553183794021606,1.065134167671204
orient,https://w3id.org/caapt/annotations/va-anno#104051083_text,0,0.6736985445022583,1.119933605194092
orient,https://w3id.org/caapt/annotations/va-anno#104051211_text,1,0.6551000475883484,0.4229673743247986
orient,https://w3id.org/caapt/annotations/va-anno#104050593_text,0,0.647205650806427,1.041869759559631
orient,https://w3id.org/caapt/annotations/va-anno#104051213_text,1,0.6559832692146301,0.4216199815273285
orient,https://w3id.org/caapt/annotations/va-anno#104050677_text,0,0.6527659893035889,1.057756304740906
orient,https://w3id.org/caapt/annotations/va-anno#104051249_text,1,0.6589511632919312,0.4171058237552643
orient,https://w3id.org/caapt/annotations/va-anno#104050528_text,0,0.6653536558151245,1.094681024551392
orient,https://w3id.org/caapt/annotations/va-anno#104051181_text,1,0.6819716691970825,0.3827671110630035
orient,https://w3id.org/caapt/annotations/va-anno#104050511_text,0,0.6577306389808655,1.072157263755798
orient,https://w3id.org/caapt/annotations/va-anno#104050780_text,1,0.6652116775512695,0.407649964094162
orient,https://w3id.org/caapt/annotations/va-anno#104050671_text,1,0.6696109771728516,0.4010583460330963
orient,https://w3id.org/caapt/annotations/va-anno#104050702_text,0,0.6817272305488586,1.144846439361572
orient,https://w3id.org/caapt/annotations/va-anno#104051141_text,1,0.6672828793525696,0.4045411944389343
orient,https://w3id.org/caapt/annotations/va-anno#104051189_text,1,0.628831684589386,0.4638916254043579
orient,https://w3id.org/caapt/annotations/va-anno#104050599_text,0,0.6655242443084717,1.09519100189209
orient,https://w3id.org/caapt/annotations/va-anno#104051198_text,1,0.662512481212616,0.41171595454216
orient,https://w3id.org/caapt/annotations/va-anno#104051105_text,1,0.6520670652389526,0.4276078641414642
orient,https://w3id.org/caapt/annotations/va-anno#104050605_text,0,0.6223366856575012,0.9737521409988404
orient,https://w3id.org/caapt/annotations/va-anno#104051210_text,1,0.6642994284629822,0.4090222418308258
orient,https://w3id.org/caapt/annotations/va-anno#104050594_text,0,0.656846821308136,1.069578289985657
orient,https://w3id.org/caapt/annotations/va-anno#104050707_text,1,0.6515398621559143,0.4284166693687439
orient,https://w3id.org/caapt/annotations/va-anno#104050625_text,0,0.6523285508155823,1.05649733543396
orient,https://w3id.org/caapt/annotations/va-anno#104051081_text,1,0.6657952666282654,0.4067730903625488
orient,https://w3id.org/caapt/annotations/va-anno#104050669_text,0,0.6377902030944824,1.015531539916992
orient,https://w3id.org/caapt/annotations/va-anno#104051131_text,0,0.6692644953727722,1.106436371803284
orient,https://w3id.org/caapt/annotations/va-anno#104050536_text,1,0.6622804403305054,0.4120662212371826
orient,https://w3id.org/caapt/annotations/va-anno#104051190_text,1,0.6777053475379944,0.3890427052974701
orient,https://w3id.org/caapt/annotations/va-anno#104050550_text,0,0.6480107307434082,1.044154763221741
orient,https://w3id.org/caapt/annotations/va-anno#104050573_text,1,0.673986554145813,0.3945451974868774
orient,https://w3id.org/caapt/annotations/va-anno#104050513_text,1,0.6343541145324707,0.4551480412483215
orient,https://w3id.org/caapt/annotations/va-anno#104050543_text,0,0.6571377515792847,1.07042670249939
orient,https://w3id.org/caapt/annotations/va-anno#104051073_text,1,0.6525832414627075,0.4268165528774261
orient,https://w3id.org/caapt/annotations/va-anno#104050519_text,1,0.6466545462608337,0.4359430968761444
queer,https://w3id.org/caapt/annotations/va-anno#104050372_text,1,0.772495448589325,0.258129209280014
queer,https://w3id.org/caapt/annotations/va-anno#104050306_text,1,0.7915490865707397,0.2337633520364761
queer,https://w3id.org/caapt/annotations/va-anno#104050301_text,1,0.7975795269012451,0.2261737436056137
queer,https://w3id.org/caapt/annotations/va-anno#104050312_text,1,0.7902269959449768,0.2354350388050079
queer,https://w3id.org/caapt/annotations/va-anno#104050258_text,1,0.7794861197471619,0.2491204291582107
queer,https://w3id.org/caapt/annotations/va-anno#104050331_text,1,0.7926127314567566,0.2324205487966537
queer,https://w3id.org/caapt/annotations/va-anno#104050316_text,0,0.7769376635551453,1.500303983688354
queer,https://w3id.org/caapt/annotations/va-anno#104050389_text,1,0.7768360376358032,0.2525259852409363
queer,https://w3id.org/caapt/annotations/va-anno#104050386_text,1,0.7833614945411682,0.2441609799861908
queer,https://w3id.org/caapt/annotations/va-anno#104050349_text,0,0.7958194017410278,1.588750123977661
queer,https://w3id.org/caapt/annotations/va-anno#104050315_text,0,0.7795917987823486,1.512273788452148
queer,https://w3id.org/caapt/annotations/va-anno#104050342_text,1,0.7909349203109741,0.2345396280288696
queer,https://w3id.org/caapt/annotations/va-anno#104050268_text,1,0.7756344079971313,0.2540740668773651
queer,https://w3id.org/caapt/annotations/va-anno#104050319_text,1,0.7898150086402893,0.2359565049409866
queer,https://w3id.org/caapt/annotations/va-anno#104050393_text,1,0.7803356051445007,0.2480311542749405
queer,https://w3id.org/caapt/annotations/va-anno#104050255_text,1,0.7873620986938477,0.2390670031309127
queer,https://w3id.org/caapt/annotations/va-anno#104050491_text,0,0.7855947613716125,1.539887428283691
queer,https://w3id.org/caapt/annotations/va-anno#104050383_text,1,0.792449951171875,0.2326259464025497
queer,https://w3id.org/caapt/annotations/va-anno#104050376_text,1,0.7668994069099426,0.2653996348381042
queer,https://w3id.org/caapt/annotations/va-anno#104050256_text,0,0.7877230048179626,1.549863338470459
queer,https://w3id.org/caapt/annotations/va-anno#104050423_text,0,0.7858648896217346,1.541147947311401
queer,https://w3id.org/caapt/annotations/va-anno#104050406_text,1,0.7968214154243469,0.227124735713005
queer,https://w3id.org/caapt/annotations/va-anno#104050460_text,1,0.7807846665382385,0.2474558353424072
queer,https://w3id.org/caapt/annotations/va-anno#104050244_text,1,0.7950528264045715,0.2293467074632644
queer,https://w3id.org/caapt/annotations/va-anno#104050281_text,1,0.7930468320846558,0.2318730354309082
queer,https://w3id.org/caapt/annotations/va-anno#104050263_text,1,0.7681076526641846,0.263825386762619
queer,https://w3id.org/caapt/annotations/va-anno#104050308_text,1,0.7873994708061218,0.2390196025371551
queer,https://w3id.org/caapt/annotations/va-anno#104050238_text,1,0.7815021276473999,0.2465373873710632
